purchase_id,player_id,purchase_date,item_name,amount_usd,platform,country
pu_0000000,p_000305,2024-03-21,VIP Pass,29.99,Android,JP
pu_0000001,p_000390,2024-03-30,Battle Pass,9.99,Android,BR
pu_0000002,p_000395,2024-03-02,Gem Bundle S,0.99,iOS,RU
pu_0000003,p_000395,2024-03-13,Cosmetic Skin,2.99,iOS,RU
pu_0000004,p_000395,2024-02-26,Gem Bundle L,14.99,iOS,RU
pu_0000005,p_000395,2024-02-23,Starter Pack,4.99,iOS,RU
pu_0000006,p_000395,2024-02-28,Gem Bundle M,4.99,iOS,RU
pu_0000007,p_000395,2024-03-18,Gem Bundle L,14.99,iOS,RU
pu_0000008,p_000401,2024-02-16,Energy Refill,1.99,Android,CN
pu_0000009,p_000401,2024-02-26,Energy Refill,1.99,Android,CN
pu_0000010,p_000447,2024-02-14,Gem Bundle S,0.99,Android,CA
pu_0000011,p_000477,2024-01-24,Gem Bundle S,0.99,Android,KR
pu_0000012,p_000477,2024-02-02,Gem Bundle L,14.99,Android,KR
pu_0000013,p_000477,2024-02-12,Gem Bundle M,4.99,Android,KR
pu_0000014,p_000477,2024-02-06,Gem Bundle M,4.99,Android,KR
pu_0000015,p_000558,2024-02-06,Battle Pass,9.99,Android,BR
pu_0000016,p_000558,2024-02-20,Gem Bundle M,4.99,Android,BR
pu_0000017,p_000591,2024-02-19,Battle Pass,9.99,Android,GB
pu_0000018,p_000591,2024-02-13,Battle Pass,9.99,Android,GB
pu_0000019,p_000591,2024-01-30,Gem Bundle M,4.99,Android,GB
pu_0000020,p_000659,2024-02-04,Gem Bundle S,0.99,iOS,US
pu_0000021,p_000659,2024-02-15,Battle Pass,9.99,iOS,US
pu_0000022,p_000775,2024-02-02,Energy Refill,1.99,iOS,CA
pu_0000023,p_000775,2024-01-31,Gem Bundle L,14.99,iOS,CA
pu_0000024,p_000817,2024-02-09,Energy Refill,1.99,Android,DE
pu_0000025,p_000817,2024-01-26,Gem Bundle L,14.99,Android,DE
pu_0000026,p_000817,2024-01-24,Cosmetic Skin,2.99,Android,DE
pu_0000027,p_000838,2024-02-13,Gem Bundle M,4.99,iOS,DE
pu_0000028,p_000932,2024-03-29,Energy Refill,1.99,Android,US
pu_0000029,p_000932,2024-03-25,Gem Bundle S,0.99,Android,US
pu_0000030,p_001118,2024-02-02,Gem Bundle S,0.99,Android,JP
pu_0000031,p_001162,2024-01-22,Gem Bundle L,14.99,Android,CN
pu_0000032,p_001193,2024-02-09,Gem Bundle M,4.99,iOS,CN
pu_0000033,p_001251,2024-01-16,Gem Bundle S,0.99,Android,CA
pu_0000034,p_001251,2024-01-31,VIP Pass,29.99,Android,CA
pu_0000035,p_001251,2024-01-23,Energy Refill,1.99,Android,CA
pu_0000036,p_001353,2024-02-04,Gem Bundle L,14.99,iOS,KR
pu_0000037,p_001651,2024-01-23,Battle Pass,9.99,Android,BR
pu_0000038,p_001651,2024-01-12,VIP Pass,29.99,Android,BR
pu_0000039,p_001746,2024-01-31,VIP Pass,29.99,iOS,FR
pu_0000040,p_001746,2024-01-21,Cosmetic Skin,2.99,iOS,FR
pu_0000041,p_001746,2024-01-23,Gem Bundle M,4.99,iOS,FR
pu_0000042,p_001759,2024-02-02,Gem Bundle M,4.99,iOS,JP
pu_0000043,p_001816,2024-01-15,VIP Pass,29.99,iOS,DE
pu_0000044,p_001979,2024-02-12,Energy Refill,1.99,iOS,US
pu_0000045,p_002068,2024-01-22,VIP Pass,29.99,Android,US
pu_0000046,p_002068,2024-01-29,Gem Bundle M,4.99,Android,US
pu_0000047,p_002068,2024-02-02,Gem Bundle L,14.99,Android,US
pu_0000048,p_002072,2024-01-28,Starter Pack,4.99,Android,JP
pu_0000049,p_002072,2024-01-11,Gem Bundle S,0.99,Android,JP
pu_0000050,p_002072,2024-01-18,VIP Pass,29.99,Android,JP
pu_0000051,p_002109,2024-03-25,Cosmetic Skin,2.99,Android,GB
pu_0000052,p_002109,2024-03-25,Gem Bundle M,4.99,Android,GB
pu_0000053,p_002109,2024-03-26,Cosmetic Skin,2.99,Android,GB
pu_0000054,p_002109,2024-03-25,Battle Pass,9.99,Android,GB
pu_0000055,p_002274,2024-03-13,Gem Bundle L,14.99,Android,US
pu_0000056,p_002304,2024-03-20,Battle Pass,9.99,Android,CA
pu_0000057,p_002327,2024-01-14,Battle Pass,9.99,iOS,JP
pu_0000058,p_002331,2024-01-22,Starter Pack,4.99,Android,KR
pu_0000059,p_002331,2024-01-04,Gem Bundle S,0.99,Android,KR
pu_0000060,p_002356,2024-03-07,Gem Bundle L,14.99,iOS,CA
pu_0000061,p_002368,2024-02-08,Gem Bundle M,4.99,iOS,GB
pu_0000062,p_002368,2024-01-19,Gem Bundle L,14.99,iOS,GB
pu_0000063,p_002368,2024-01-14,Starter Pack,4.99,iOS,GB
pu_0000064,p_002368,2024-01-15,Gem Bundle S,0.99,iOS,GB
pu_0000065,p_002446,2024-01-10,Cosmetic Skin,2.99,Android,FR
pu_0000066,p_002446,2024-01-16,Gem Bundle M,4.99,Android,FR
pu_0000067,p_002534,2024-02-23,Cosmetic Skin,2.99,Android,US
pu_0000068,p_002635,2024-01-27,Starter Pack,4.99,Android,CA
pu_0000069,p_002715,2024-02-02,VIP Pass,29.99,Android,JP
pu_0000070,p_002715,2024-01-29,Gem Bundle L,14.99,Android,JP
pu_0000071,p_002715,2024-01-22,Energy Refill,1.99,Android,JP
pu_0000072,p_002715,2024-02-07,Energy Refill,1.99,Android,JP
pu_0000073,p_002715,2024-02-02,VIP Pass,29.99,Android,JP
pu_0000074,p_003130,2024-03-01,Starter Pack,4.99,Android,CN
pu_0000075,p_003181,2024-02-06,Energy Refill,1.99,iOS,US
pu_0000076,p_003238,2024-01-25,Battle Pass,9.99,Android,US
pu_0000077,p_003238,2024-02-01,Starter Pack,4.99,Android,US
pu_0000078,p_003238,2024-01-24,Starter Pack,4.99,Android,US
pu_0000079,p_003238,2024-02-05,Gem Bundle M,4.99,Android,US
pu_0000080,p_003255,2024-01-06,VIP Pass,29.99,iOS,KR
pu_0000081,p_003388,2024-01-11,Starter Pack,4.99,iOS,GB
pu_0000082,p_003584,2024-01-11,Gem Bundle L,14.99,iOS,US
pu_0000083,p_003584,2024-02-10,Gem Bundle L,14.99,iOS,US
pu_0000084,p_003622,2024-01-17,Gem Bundle S,0.99,iOS,RU
pu_0000085,p_003648,2024-02-15,Cosmetic Skin,2.99,iOS,US
pu_0000086,p_003704,2024-03-18,Gem Bundle L,14.99,iOS,US
pu_0000087,p_003704,2024-03-20,Gem Bundle L,14.99,iOS,US
pu_0000088,p_003704,2024-03-23,Gem Bundle L,14.99,iOS,US
pu_0000089,p_003704,2024-03-23,Gem Bundle S,0.99,iOS,US
pu_0000090,p_003704,2024-03-01,Gem Bundle M,4.99,iOS,US
pu_0000091,p_003704,2024-03-20,Energy Refill,1.99,iOS,US
pu_0000092,p_003704,2024-03-05,Gem Bundle S,0.99,iOS,US
pu_0000093,p_003708,2024-01-13,Cosmetic Skin,2.99,iOS,GB
pu_0000094,p_003799,2024-02-10,Gem Bundle M,4.99,Android,DE
pu_0000095,p_003799,2024-02-02,Starter Pack,4.99,Android,DE
pu_0000096,p_003799,2024-01-28,Battle Pass,9.99,Android,DE
pu_0000097,p_003799,2024-02-05,VIP Pass,29.99,Android,DE
pu_0000098,p_003799,2024-02-01,Battle Pass,9.99,Android,DE
pu_0000099,p_003799,2024-01-29,Starter Pack,4.99,Android,DE
pu_0000100,p_003891,2024-01-16,VIP Pass,29.99,Android,BR
pu_0000101,p_003891,2024-01-16,Cosmetic Skin,2.99,Android,BR
pu_0000102,p_003980,2024-02-17,Starter Pack,4.99,Android,CA
pu_0000103,p_004048,2024-03-01,Energy Refill,1.99,iOS,CN
pu_0000104,p_004141,2024-01-17,Gem Bundle M,4.99,Android,CA
pu_0000105,p_004141,2024-01-18,Gem Bundle L,14.99,Android,CA
pu_0000106,p_004141,2024-01-24,Cosmetic Skin,2.99,Android,CA
pu_0000107,p_004148,2024-01-27,Gem Bundle M,4.99,iOS,US
pu_0000108,p_004148,2024-02-09,Starter Pack,4.99,iOS,US
pu_0000109,p_004148,2024-01-29,Battle Pass,9.99,iOS,US
pu_0000110,p_004319,2024-02-04,Gem Bundle L,14.99,Android,CA
pu_0000111,p_004319,2024-01-30,Energy Refill,1.99,Android,CA
pu_0000112,p_004319,2024-01-25,VIP Pass,29.99,Android,CA
pu_0000113,p_004319,2024-01-16,Battle Pass,9.99,Android,CA
pu_0000114,p_004319,2024-01-21,Cosmetic Skin,2.99,Android,CA
pu_0000115,p_004378,2024-01-23,Gem Bundle S,0.99,iOS,CN
pu_0000116,p_004378,2024-01-05,Battle Pass,9.99,iOS,CN
pu_0000117,p_004378,2024-01-18,Energy Refill,1.99,iOS,CN
pu_0000118,p_004378,2024-01-23,Battle Pass,9.99,iOS,CN
pu_0000119,p_004378,2024-01-22,Cosmetic Skin,2.99,iOS,CN
pu_0000120,p_004474,2024-02-04,Gem Bundle L,14.99,Android,KR
pu_0000121,p_004474,2024-01-31,Gem Bundle M,4.99,Android,KR
pu_0000122,p_004474,2024-02-01,Gem Bundle L,14.99,Android,KR
pu_0000123,p_004570,2024-01-17,Gem Bundle L,14.99,iOS,US
pu_0000124,p_004570,2024-01-19,Starter Pack,4.99,iOS,US
pu_0000125,p_004600,2024-01-27,Gem Bundle S,0.99,iOS,JP
pu_0000126,p_004600,2024-01-05,Gem Bundle L,14.99,iOS,JP
pu_0000127,p_004600,2024-01-15,Gem Bundle M,4.99,iOS,JP
pu_0000128,p_004600,2024-01-18,Energy Refill,1.99,iOS,JP
pu_0000129,p_004600,2024-01-27,Energy Refill,1.99,iOS,JP
pu_0000130,p_004600,2024-01-08,Gem Bundle L,14.99,iOS,JP
pu_0000131,p_004600,2024-01-26,VIP Pass,29.99,iOS,JP
pu_0000132,p_004600,2024-01-13,Battle Pass,9.99,iOS,JP
pu_0000133,p_004600,2024-01-22,Gem Bundle L,14.99,iOS,JP
pu_0000134,p_004600,2024-01-06,Energy Refill,1.99,iOS,JP
pu_0000135,p_004600,2024-02-01,VIP Pass,29.99,iOS,JP
pu_0000136,p_004600,2024-01-06,Gem Bundle L,14.99,iOS,JP
pu_0000137,p_004600,2024-01-08,Gem Bundle L,14.99,iOS,JP
pu_0000138,p_004600,2024-01-12,Energy Refill,1.99,iOS,JP
pu_0000139,p_004600,2024-01-23,Cosmetic Skin,2.99,iOS,JP
pu_0000140,p_004600,2024-01-08,Gem Bundle S,0.99,iOS,JP
pu_0000141,p_004600,2024-01-07,Energy Refill,1.99,iOS,JP
pu_0000142,p_004663,2024-02-22,Battle Pass,9.99,iOS,KR
pu_0000143,p_004663,2024-02-11,Gem Bundle L,14.99,iOS,KR
pu_0000144,p_004663,2024-02-20,Gem Bundle M,4.99,iOS,KR
pu_0000145,p_004663,2024-03-05,Gem Bundle L,14.99,iOS,KR
pu_0000146,p_004773,2024-02-19,Starter Pack,4.99,iOS,BR
pu_0000147,p_004773,2024-02-05,Gem Bundle L,14.99,iOS,BR
pu_0000148,p_005013,2024-02-03,Starter Pack,4.99,Android,KR
pu_0000149,p_005013,2024-02-01,Energy Refill,1.99,Android,KR
pu_0000150,p_005013,2024-01-28,Gem Bundle L,14.99,Android,KR
pu_0000151,p_005013,2024-02-02,Cosmetic Skin,2.99,Android,KR
pu_0000152,p_005013,2024-01-25,VIP Pass,29.99,Android,KR
pu_0000153,p_005431,2024-01-11,Gem Bundle M,4.99,iOS,JP
pu_0000154,p_005456,2024-01-27,Gem Bundle L,14.99,iOS,KR
pu_0000155,p_005516,2024-02-22,Gem Bundle L,14.99,Android,FR
pu_0000156,p_005516,2024-03-04,Gem Bundle M,4.99,Android,FR
pu_0000157,p_005516,2024-02-04,Battle Pass,9.99,Android,FR
pu_0000158,p_005516,2024-02-06,Gem Bundle S,0.99,Android,FR
pu_0000159,p_005516,2024-02-26,Gem Bundle S,0.99,Android,FR
pu_0000160,p_005516,2024-02-03,Energy Refill,1.99,Android,FR
pu_0000161,p_005693,2024-02-16,Gem Bundle S,0.99,Android,FR
pu_0000162,p_005693,2024-01-30,Battle Pass,9.99,Android,FR
pu_0000163,p_005693,2024-01-19,Gem Bundle L,14.99,Android,FR
pu_0000164,p_005769,2024-02-29,Energy Refill,1.99,Android,CA
pu_0000165,p_005893,2024-01-11,Battle Pass,9.99,Android,US
pu_0000166,p_005893,2024-01-28,Gem Bundle S,0.99,Android,US
pu_0000167,p_005893,2024-01-15,VIP Pass,29.99,Android,US
pu_0000168,p_005893,2024-01-27,Gem Bundle L,14.99,Android,US
pu_0000169,p_005893,2024-01-15,Starter Pack,4.99,Android,US
pu_0000170,p_005893,2024-01-20,VIP Pass,29.99,Android,US
pu_0000171,p_005893,2024-01-24,Energy Refill,1.99,Android,US
pu_0000172,p_005893,2024-02-03,Cosmetic Skin,2.99,Android,US
pu_0000173,p_005916,2024-03-30,Starter Pack,4.99,iOS,JP
pu_0000174,p_005963,2024-02-21,Starter Pack,4.99,iOS,DE
pu_0000175,p_006143,2024-02-25,Starter Pack,4.99,iOS,US
pu_0000176,p_006209,2024-01-13,Gem Bundle L,14.99,iOS,BR
pu_0000177,p_006251,2024-01-04,Starter Pack,4.99,iOS,BR
pu_0000178,p_006251,2024-01-13,VIP Pass,29.99,iOS,BR
pu_0000179,p_006280,2024-02-29,Starter Pack,4.99,Android,JP
pu_0000180,p_006453,2024-01-28,Gem Bundle S,0.99,iOS,BR
pu_0000181,p_006453,2024-01-15,Gem Bundle M,4.99,iOS,BR
pu_0000182,p_006453,2024-01-20,Energy Refill,1.99,iOS,BR
pu_0000183,p_006573,2024-03-13,Energy Refill,1.99,iOS,CA
pu_0000184,p_006683,2024-02-04,Battle Pass,9.99,iOS,FR
pu_0000185,p_006683,2024-01-22,Gem Bundle M,4.99,iOS,FR
pu_0000186,p_006683,2024-02-03,Cosmetic Skin,2.99,iOS,FR
pu_0000187,p_006734,2024-01-05,Gem Bundle M,4.99,Android,US
pu_0000188,p_006734,2024-01-11,Energy Refill,1.99,Android,US
pu_0000189,p_006927,2024-02-03,Energy Refill,1.99,iOS,US
pu_0000190,p_006927,2024-02-20,Gem Bundle S,0.99,iOS,US
pu_0000191,p_006927,2024-01-23,VIP Pass,29.99,iOS,US
pu_0000192,p_006927,2024-02-17,VIP Pass,29.99,iOS,US
pu_0000193,p_006927,2024-02-02,Battle Pass,9.99,iOS,US
pu_0000194,p_006964,2024-01-13,Cosmetic Skin,2.99,iOS,DE
pu_0000195,p_007187,2024-01-19,Starter Pack,4.99,Android,CA
pu_0000196,p_007333,2024-01-28,Gem Bundle L,14.99,Android,CA
pu_0000197,p_007353,2024-02-02,VIP Pass,29.99,iOS,FR
pu_0000198,p_007627,2024-01-13,Gem Bundle M,4.99,Android,CN
pu_0000199,p_007633,2024-03-24,Energy Refill,1.99,iOS,US
pu_0000200,p_007830,2024-01-31,VIP Pass,29.99,Android,BR
pu_0000201,p_007830,2024-02-02,Cosmetic Skin,2.99,Android,BR
pu_0000202,p_007841,2024-02-01,Energy Refill,1.99,Android,US
pu_0000203,p_007841,2024-01-28,VIP Pass,29.99,Android,US
pu_0000204,p_007841,2024-02-08,Energy Refill,1.99,Android,US
pu_0000205,p_007872,2024-03-09,Gem Bundle L,14.99,Android,RU
pu_0000206,p_007936,2024-02-14,VIP Pass,29.99,iOS,CN
pu_0000207,p_007936,2024-01-29,Starter Pack,4.99,iOS,CN
pu_0000208,p_007936,2024-01-24,Gem Bundle M,4.99,iOS,CN
pu_0000209,p_007936,2024-01-21,Gem Bundle S,0.99,iOS,CN
pu_0000210,p_007936,2024-01-24,Gem Bundle L,14.99,iOS,CN
pu_0000211,p_007936,2024-02-04,Battle Pass,9.99,iOS,CN
pu_0000212,p_007936,2024-01-21,Cosmetic Skin,2.99,iOS,CN
pu_0000213,p_007936,2024-01-28,VIP Pass,29.99,iOS,CN
pu_0000214,p_007936,2024-01-30,Starter Pack,4.99,iOS,CN
pu_0000215,p_007936,2024-01-25,VIP Pass,29.99,iOS,CN
pu_0000216,p_007936,2024-02-09,Cosmetic Skin,2.99,iOS,CN
pu_0000217,p_007991,2024-02-03,Energy Refill,1.99,iOS,CN
pu_0000218,p_007991,2024-01-11,Gem Bundle M,4.99,iOS,CN
pu_0000219,p_008066,2024-01-20,Gem Bundle M,4.99,iOS,BR
pu_0000220,p_008066,2024-01-25,VIP Pass,29.99,iOS,BR
pu_0000221,p_008113,2024-02-21,Gem Bundle M,4.99,iOS,US
pu_0000222,p_008113,2024-02-21,VIP Pass,29.99,iOS,US
pu_0000223,p_008113,2024-02-10,VIP Pass,29.99,iOS,US
pu_0000224,p_008113,2024-02-15,VIP Pass,29.99,iOS,US
pu_0000225,p_008177,2024-02-12,Cosmetic Skin,2.99,iOS,GB
pu_0000226,p_008177,2024-01-27,VIP Pass,29.99,iOS,GB
pu_0000227,p_008177,2024-02-05,Energy Refill,1.99,iOS,GB
pu_0000228,p_008177,2024-02-15,Battle Pass,9.99,iOS,GB
pu_0000229,p_008177,2024-02-19,Gem Bundle S,0.99,iOS,GB
pu_0000230,p_008177,2024-02-01,Gem Bundle L,14.99,iOS,GB
pu_0000231,p_008177,2024-02-21,Starter Pack,4.99,iOS,GB
pu_0000232,p_008177,2024-02-19,Gem Bundle M,4.99,iOS,GB
pu_0000233,p_008177,2024-02-11,Gem Bundle L,14.99,iOS,GB
pu_0000234,p_008177,2024-02-16,Cosmetic Skin,2.99,iOS,GB
pu_0000235,p_008177,2024-02-23,Cosmetic Skin,2.99,iOS,GB
pu_0000236,p_008177,2024-02-08,VIP Pass,29.99,iOS,GB
pu_0000237,p_008177,2024-02-08,VIP Pass,29.99,iOS,GB
pu_0000238,p_008214,2024-01-13,Starter Pack,4.99,iOS,FR
pu_0000239,p_008408,2024-02-12,VIP Pass,29.99,Android,US
pu_0000240,p_008591,2024-01-21,Gem Bundle M,4.99,Android,DE
pu_0000241,p_008614,2024-01-25,Gem Bundle S,0.99,Android,US
pu_0000242,p_008987,2024-02-29,Gem Bundle M,4.99,iOS,DE
pu_0000243,p_009064,2024-02-14,Gem Bundle L,14.99,Android,DE
pu_0000244,p_009064,2024-02-09,Energy Refill,1.99,Android,DE
pu_0000245,p_009064,2024-02-11,Gem Bundle M,4.99,Android,DE
pu_0000246,p_009064,2024-01-28,Gem Bundle S,0.99,Android,DE
pu_0000247,p_009064,2024-02-12,Cosmetic Skin,2.99,Android,DE
pu_0000248,p_009064,2024-02-11,VIP Pass,29.99,Android,DE
pu_0000249,p_009064,2024-01-31,Energy Refill,1.99,Android,DE
pu_0000250,p_009064,2024-02-05,Gem Bundle L,14.99,Android,DE
pu_0000251,p_009064,2024-02-11,Gem Bundle L,14.99,Android,DE
pu_0000252,p_009064,2024-01-26,VIP Pass,29.99,Android,DE
pu_0000253,p_009064,2024-02-07,VIP Pass,29.99,Android,DE
pu_0000254,p_009064,2024-02-04,Energy Refill,1.99,Android,DE
pu_0000255,p_009064,2024-01-18,Gem Bundle S,0.99,Android,DE
pu_0000256,p_009083,2024-02-18,Gem Bundle M,4.99,iOS,JP
pu_0000257,p_009100,2024-02-08,Gem Bundle S,0.99,iOS,CA
pu_0000258,p_009100,2024-02-08,Starter Pack,4.99,iOS,CA
pu_0000259,p_009100,2024-02-06,Cosmetic Skin,2.99,iOS,CA
pu_0000260,p_009222,2024-02-15,VIP Pass,29.99,Android,CN
pu_0000261,p_009262,2024-02-03,Gem Bundle S,0.99,iOS,CN
pu_0000262,p_009262,2024-02-19,Gem Bundle L,14.99,iOS,CN
pu_0000263,p_009472,2024-02-24,Gem Bundle M,4.99,Android,CA
pu_0000264,p_009849,2024-01-22,Cosmetic Skin,2.99,Android,JP
pu_0000265,p_009849,2024-02-08,Battle Pass,9.99,Android,JP
pu_0000266,p_009893,2024-02-20,Energy Refill,1.99,Android,FR
pu_0000267,p_009983,2024-03-09,Gem Bundle S,0.99,iOS,GB
pu_0000268,p_009983,2024-03-07,Energy Refill,1.99,iOS,GB
pu_0000269,p_009983,2024-02-19,Cosmetic Skin,2.99,iOS,GB
pu_0000270,p_009983,2024-02-28,Starter Pack,4.99,iOS,GB
pu_0000271,p_009983,2024-03-15,Battle Pass,9.99,iOS,GB
pu_0000272,p_009989,2024-02-08,Starter Pack,4.99,iOS,CA
pu_0000273,p_009989,2024-02-07,Cosmetic Skin,2.99,iOS,CA
pu_0000274,p_009989,2024-02-12,Starter Pack,4.99,iOS,CA
pu_0000275,p_009989,2024-02-17,Cosmetic Skin,2.99,iOS,CA
pu_0000276,p_010022,2024-03-03,Battle Pass,9.99,iOS,KR
pu_0000277,p_010089,2024-01-26,Battle Pass,9.99,Android,US
pu_0000278,p_010089,2024-02-03,Gem Bundle S,0.99,Android,US
pu_0000279,p_010089,2024-02-05,Energy Refill,1.99,Android,US
pu_0000280,p_010165,2024-01-15,Gem Bundle L,14.99,Android,DE
pu_0000281,p_010329,2024-02-25,Gem Bundle S,0.99,iOS,BR
pu_0000282,p_010468,2024-03-03,Gem Bundle M,4.99,iOS,CA
pu_0000283,p_010586,2024-01-28,Energy Refill,1.99,Android,BR
pu_0000284,p_010639,2024-01-09,VIP Pass,29.99,iOS,BR
pu_0000285,p_010654,2024-02-05,VIP Pass,29.99,Android,US
pu_0000286,p_010654,2024-01-21,Battle Pass,9.99,Android,US
pu_0000287,p_010654,2024-01-29,Battle Pass,9.99,Android,US
pu_0000288,p_010654,2024-01-29,Gem Bundle L,14.99,Android,US
pu_0000289,p_010654,2024-01-19,Battle Pass,9.99,Android,US
pu_0000290,p_010654,2024-02-04,Battle Pass,9.99,Android,US
pu_0000291,p_010654,2024-01-25,VIP Pass,29.99,Android,US
pu_0000292,p_010654,2024-01-18,Gem Bundle M,4.99,Android,US
pu_0000293,p_010654,2024-01-16,Gem Bundle L,14.99,Android,US
pu_0000294,p_010654,2024-01-18,Cosmetic Skin,2.99,Android,US
pu_0000295,p_010654,2024-01-26,Battle Pass,9.99,Android,US
pu_0000296,p_010654,2024-02-09,Battle Pass,9.99,Android,US
pu_0000297,p_010654,2024-02-03,Battle Pass,9.99,Android,US
pu_0000298,p_010654,2024-01-17,Gem Bundle M,4.99,Android,US
pu_0000299,p_010654,2024-02-06,Starter Pack,4.99,Android,US
pu_0000300,p_010654,2024-02-04,Gem Bundle M,4.99,Android,US
pu_0000301,p_010679,2024-01-25,VIP Pass,29.99,Android,US
pu_0000302,p_011092,2024-01-05,Cosmetic Skin,2.99,Android,GB
pu_0000303,p_011514,2024-02-17,Energy Refill,1.99,iOS,US
pu_0000304,p_011573,2024-02-06,VIP Pass,29.99,iOS,KR
pu_0000305,p_011573,2024-01-20,Gem Bundle L,14.99,iOS,KR
pu_0000306,p_011702,2024-01-22,Gem Bundle M,4.99,Android,US
pu_0000307,p_011711,2024-01-07,Battle Pass,9.99,iOS,JP
pu_0000308,p_011711,2024-01-05,VIP Pass,29.99,iOS,JP
pu_0000309,p_011711,2024-01-12,Gem Bundle L,14.99,iOS,JP
pu_0000310,p_011809,2024-01-10,Starter Pack,4.99,Android,DE
pu_0000311,p_011809,2024-01-14,Gem Bundle L,14.99,Android,DE
pu_0000312,p_011809,2024-01-24,VIP Pass,29.99,Android,DE
pu_0000313,p_011946,2024-01-30,Gem Bundle M,4.99,Android,CA
pu_0000314,p_011946,2024-01-14,Battle Pass,9.99,Android,CA
pu_0000315,p_011946,2024-01-20,VIP Pass,29.99,Android,CA
pu_0000316,p_011946,2024-01-23,Cosmetic Skin,2.99,Android,CA
pu_0000317,p_011946,2024-01-25,Gem Bundle S,0.99,Android,CA
pu_0000318,p_011946,2024-02-04,Battle Pass,9.99,Android,CA
pu_0000319,p_011946,2024-02-06,Energy Refill,1.99,Android,CA
pu_0000320,p_011946,2024-01-10,Gem Bundle M,4.99,Android,CA
pu_0000321,p_011946,2024-02-08,Gem Bundle M,4.99,Android,CA
pu_0000322,p_011946,2024-01-19,Gem Bundle M,4.99,Android,CA
pu_0000323,p_011946,2024-01-17,Gem Bundle L,14.99,Android,CA
pu_0000324,p_011946,2024-02-05,Energy Refill,1.99,Android,CA
pu_0000325,p_011946,2024-01-18,Energy Refill,1.99,Android,CA
pu_0000326,p_011946,2024-01-11,Cosmetic Skin,2.99,Android,CA
pu_0000327,p_011958,2024-02-02,Gem Bundle L,14.99,Android,RU
pu_0000328,p_011958,2024-01-16,Gem Bundle L,14.99,Android,RU
pu_0000329,p_011958,2024-01-29,Gem Bundle M,4.99,Android,RU
pu_0000330,p_011958,2024-02-01,Gem Bundle M,4.99,Android,RU
pu_0000331,p_011983,2024-01-03,Energy Refill,1.99,iOS,JP
pu_0000332,p_012156,2024-01-15,Gem Bundle M,4.99,Android,JP
pu_0000333,p_012195,2024-01-18,VIP Pass,29.99,Android,US
pu_0000334,p_012195,2024-01-22,Starter Pack,4.99,Android,US
pu_0000335,p_012195,2024-01-25,Battle Pass,9.99,Android,US
pu_0000336,p_012195,2024-01-31,Gem Bundle L,14.99,Android,US
pu_0000337,p_012195,2024-01-25,Gem Bundle S,0.99,Android,US
pu_0000338,p_012195,2024-01-30,Gem Bundle S,0.99,Android,US
pu_0000339,p_012195,2024-01-23,Starter Pack,4.99,Android,US
pu_0000340,p_012286,2024-02-01,Gem Bundle S,0.99,iOS,US
pu_0000341,p_012286,2024-02-28,Gem Bundle L,14.99,iOS,US
pu_0000342,p_012286,2024-02-13,Gem Bundle L,14.99,iOS,US
pu_0000343,p_012286,2024-02-06,VIP Pass,29.99,iOS,US
pu_0000344,p_012286,2024-01-29,Gem Bundle L,14.99,iOS,US
pu_0000345,p_012347,2024-02-02,Gem Bundle S,0.99,iOS,DE
pu_0000346,p_012347,2024-02-08,Battle Pass,9.99,iOS,DE
pu_0000347,p_012386,2024-02-14,Gem Bundle S,0.99,iOS,US
pu_0000348,p_012386,2024-02-02,Gem Bundle S,0.99,iOS,US
pu_0000349,p_012557,2024-02-12,Starter Pack,4.99,Android,JP
pu_0000350,p_012612,2024-01-31,Starter Pack,4.99,iOS,BR
pu_0000351,p_012612,2024-01-30,Starter Pack,4.99,iOS,BR
pu_0000352,p_012612,2024-01-22,Gem Bundle L,14.99,iOS,BR
pu_0000353,p_012617,2024-01-30,Cosmetic Skin,2.99,iOS,RU
pu_0000354,p_012688,2024-01-23,VIP Pass,29.99,Android,BR
pu_0000355,p_013074,2024-03-24,Gem Bundle M,4.99,iOS,CA
pu_0000356,p_013381,2024-01-10,Energy Refill,1.99,iOS,DE
pu_0000357,p_013381,2024-01-24,Cosmetic Skin,2.99,iOS,DE
pu_0000358,p_013381,2024-02-03,Gem Bundle L,14.99,iOS,DE
pu_0000359,p_013399,2024-01-25,VIP Pass,29.99,iOS,RU
pu_0000360,p_013399,2024-01-15,Gem Bundle S,0.99,iOS,RU
pu_0000361,p_013399,2024-01-11,VIP Pass,29.99,iOS,RU
pu_0000362,p_013399,2024-01-04,Starter Pack,4.99,iOS,RU
pu_0000363,p_013399,2024-01-29,Gem Bundle L,14.99,iOS,RU
pu_0000364,p_013399,2024-01-07,Energy Refill,1.99,iOS,RU
pu_0000365,p_013399,2024-01-24,VIP Pass,29.99,iOS,RU
pu_0000366,p_013399,2024-01-05,VIP Pass,29.99,iOS,RU
pu_0000367,p_013500,2024-01-23,Battle Pass,9.99,Android,JP
pu_0000368,p_013500,2024-01-16,Energy Refill,1.99,Android,JP
pu_0000369,p_013521,2024-01-27,Starter Pack,4.99,iOS,KR
pu_0000370,p_013521,2024-01-13,VIP Pass,29.99,iOS,KR
pu_0000371,p_013521,2024-01-12,Energy Refill,1.99,iOS,KR
pu_0000372,p_013538,2024-02-08,Energy Refill,1.99,Android,US
pu_0000373,p_013928,2024-02-05,Battle Pass,9.99,Android,GB
pu_0000374,p_014138,2024-01-29,VIP Pass,29.99,Android,CN
pu_0000375,p_014175,2024-02-15,Cosmetic Skin,2.99,iOS,RU
pu_0000376,p_014186,2024-02-08,Battle Pass,9.99,iOS,JP
pu_0000377,p_014186,2024-02-02,Starter Pack,4.99,iOS,JP
pu_0000378,p_014186,2024-02-10,Gem Bundle M,4.99,iOS,JP
pu_0000379,p_014186,2024-01-15,Battle Pass,9.99,iOS,JP
pu_0000380,p_014186,2024-01-31,Energy Refill,1.99,iOS,JP
pu_0000381,p_014368,2024-03-09,Cosmetic Skin,2.99,Android,BR
pu_0000382,p_014368,2024-03-13,Cosmetic Skin,2.99,Android,BR
pu_0000383,p_014368,2024-03-13,Cosmetic Skin,2.99,Android,BR
pu_0000384,p_014368,2024-03-28,Gem Bundle L,14.99,Android,BR
pu_0000385,p_014368,2024-03-15,Battle Pass,9.99,Android,BR
pu_0000386,p_014368,2024-03-15,VIP Pass,29.99,Android,BR
pu_0000387,p_014368,2024-03-13,Gem Bundle S,0.99,Android,BR
pu_0000388,p_014368,2024-03-08,Battle Pass,9.99,Android,BR
pu_0000389,p_014368,2024-03-26,VIP Pass,29.99,Android,BR
pu_0000390,p_014368,2024-03-14,VIP Pass,29.99,Android,BR
pu_0000391,p_014409,2024-01-14,Gem Bundle S,0.99,iOS,JP
pu_0000392,p_014409,2024-01-17,Battle Pass,9.99,iOS,JP
pu_0000393,p_014521,2024-03-23,VIP Pass,29.99,Android,BR
pu_0000394,p_014652,2024-02-08,VIP Pass,29.99,Android,CA
pu_0000395,p_014753,2024-02-02,Gem Bundle L,14.99,Android,BR
pu_0000396,p_014815,2024-01-21,Gem Bundle M,4.99,Android,RU
pu_0000397,p_014815,2024-01-26,VIP Pass,29.99,Android,RU
pu_0000398,p_014815,2024-01-18,Cosmetic Skin,2.99,Android,RU
pu_0000399,p_015128,2024-02-09,Gem Bundle M,4.99,iOS,US
pu_0000400,p_015128,2024-02-09,Starter Pack,4.99,iOS,US
pu_0000401,p_015146,2024-01-28,VIP Pass,29.99,Android,DE
pu_0000402,p_015146,2024-02-11,VIP Pass,29.99,Android,DE
pu_0000403,p_015146,2024-02-15,Gem Bundle S,0.99,Android,DE
pu_0000404,p_015152,2024-03-17,Battle Pass,9.99,Android,FR
pu_0000405,p_015371,2024-02-18,Gem Bundle S,0.99,iOS,CN
pu_0000406,p_015371,2024-02-18,Cosmetic Skin,2.99,iOS,CN
pu_0000407,p_015486,2024-02-23,Starter Pack,4.99,iOS,CA
pu_0000408,p_015496,2024-01-17,VIP Pass,29.99,iOS,FR
pu_0000409,p_015496,2024-01-29,Battle Pass,9.99,iOS,FR
pu_0000410,p_015496,2024-01-15,Starter Pack,4.99,iOS,FR
pu_0000411,p_015496,2024-01-12,Cosmetic Skin,2.99,iOS,FR
pu_0000412,p_015496,2024-01-16,Energy Refill,1.99,iOS,FR
pu_0000413,p_015496,2024-02-03,VIP Pass,29.99,iOS,FR
pu_0000414,p_015496,2024-01-25,Gem Bundle L,14.99,iOS,FR
pu_0000415,p_015496,2024-01-23,Starter Pack,4.99,iOS,FR
pu_0000416,p_015496,2024-01-20,Cosmetic Skin,2.99,iOS,FR
pu_0000417,p_015496,2024-01-21,Starter Pack,4.99,iOS,FR
pu_0000418,p_015496,2024-02-10,Battle Pass,9.99,iOS,FR
pu_0000419,p_015496,2024-02-02,Battle Pass,9.99,iOS,FR
pu_0000420,p_015496,2024-01-22,Battle Pass,9.99,iOS,FR
pu_0000421,p_015496,2024-01-17,Cosmetic Skin,2.99,iOS,FR
pu_0000422,p_015496,2024-01-17,VIP Pass,29.99,iOS,FR
pu_0000423,p_015496,2024-01-17,Gem Bundle S,0.99,iOS,FR
pu_0000424,p_015672,2024-01-25,Gem Bundle L,14.99,iOS,CA
pu_0000425,p_015672,2024-01-09,Gem Bundle M,4.99,iOS,CA
pu_0000426,p_015672,2024-01-07,Battle Pass,9.99,iOS,CA
pu_0000427,p_015672,2024-01-24,Gem Bundle M,4.99,iOS,CA
pu_0000428,p_015672,2024-01-28,VIP Pass,29.99,iOS,CA
pu_0000429,p_015672,2024-02-01,Energy Refill,1.99,iOS,CA
pu_0000430,p_015672,2024-01-28,Cosmetic Skin,2.99,iOS,CA
pu_0000431,p_015776,2024-02-29,Gem Bundle L,14.99,iOS,DE
pu_0000432,p_015776,2024-03-05,Battle Pass,9.99,iOS,DE
pu_0000433,p_015776,2024-03-06,Battle Pass,9.99,iOS,DE
pu_0000434,p_015776,2024-03-12,Battle Pass,9.99,iOS,DE
pu_0000435,p_015776,2024-03-12,VIP Pass,29.99,iOS,DE
pu_0000436,p_015776,2024-03-14,Starter Pack,4.99,iOS,DE
pu_0000437,p_015776,2024-02-21,Gem Bundle M,4.99,iOS,DE
pu_0000438,p_015776,2024-03-05,VIP Pass,29.99,iOS,DE
pu_0000439,p_015776,2024-02-23,Energy Refill,1.99,iOS,DE
pu_0000440,p_015820,2024-01-23,Gem Bundle M,4.99,iOS,CA
pu_0000441,p_015820,2024-01-22,VIP Pass,29.99,iOS,CA
pu_0000442,p_015820,2024-01-13,Gem Bundle S,0.99,iOS,CA
pu_0000443,p_015820,2024-01-23,Gem Bundle S,0.99,iOS,CA
pu_0000444,p_015820,2024-01-22,Gem Bundle S,0.99,iOS,CA
pu_0000445,p_015820,2024-02-01,Gem Bundle S,0.99,iOS,CA
pu_0000446,p_015951,2024-01-28,Gem Bundle M,4.99,Android,DE
pu_0000447,p_015977,2024-02-21,VIP Pass,29.99,iOS,GB
pu_0000448,p_016231,2024-01-01,Gem Bundle S,0.99,Android,DE
pu_0000449,p_016231,2024-01-02,VIP Pass,29.99,Android,DE
pu_0000450,p_016461,2024-02-20,Cosmetic Skin,2.99,iOS,JP
pu_0000451,p_016461,2024-02-15,Gem Bundle S,0.99,iOS,JP
pu_0000452,p_016461,2024-03-04,Energy Refill,1.99,iOS,JP
pu_0000453,p_016565,2024-03-13,Gem Bundle M,4.99,Android,RU
pu_0000454,p_016971,2024-02-23,Gem Bundle S,0.99,Android,US
pu_0000455,p_017015,2024-03-12,Gem Bundle S,0.99,Android,CA
pu_0000456,p_017086,2024-02-22,VIP Pass,29.99,Android,US
pu_0000457,p_017086,2024-02-28,Energy Refill,1.99,Android,US
pu_0000458,p_017183,2024-01-27,Gem Bundle S,0.99,Android,US
pu_0000459,p_017209,2024-02-05,Gem Bundle M,4.99,iOS,KR
pu_0000460,p_017209,2024-02-05,Cosmetic Skin,2.99,iOS,KR
pu_0000461,p_017226,2024-01-18,Gem Bundle S,0.99,Android,DE
pu_0000462,p_017226,2024-02-06,Gem Bundle M,4.99,Android,DE
pu_0000463,p_017226,2024-02-07,Energy Refill,1.99,Android,DE
pu_0000464,p_017320,2024-02-03,Battle Pass,9.99,iOS,JP
pu_0000465,p_017320,2024-01-29,Gem Bundle L,14.99,iOS,JP
pu_0000466,p_017320,2024-01-20,Gem Bundle S,0.99,iOS,JP
pu_0000467,p_017320,2024-02-07,Energy Refill,1.99,iOS,JP
pu_0000468,p_017320,2024-02-03,Cosmetic Skin,2.99,iOS,JP
pu_0000469,p_017320,2024-02-04,Starter Pack,4.99,iOS,JP
pu_0000470,p_017320,2024-02-02,VIP Pass,29.99,iOS,JP
pu_0000471,p_017320,2024-01-24,Starter Pack,4.99,iOS,JP
pu_0000472,p_017320,2024-01-25,VIP Pass,29.99,iOS,JP
pu_0000473,p_017320,2024-01-31,Battle Pass,9.99,iOS,JP
pu_0000474,p_017320,2024-01-19,Cosmetic Skin,2.99,iOS,JP
pu_0000475,p_017320,2024-02-06,Cosmetic Skin,2.99,iOS,JP
pu_0000476,p_017324,2024-02-14,Starter Pack,4.99,iOS,JP
pu_0000477,p_017324,2024-01-29,Gem Bundle S,0.99,iOS,JP
pu_0000478,p_017326,2024-02-09,Starter Pack,4.99,Android,FR
pu_0000479,p_017421,2024-01-24,VIP Pass,29.99,Android,US
pu_0000480,p_017469,2024-02-07,Cosmetic Skin,2.99,Android,CA
pu_0000481,p_017506,2024-01-24,Gem Bundle L,14.99,Android,US
pu_0000482,p_017681,2024-02-26,Battle Pass,9.99,Android,FR
pu_0000483,p_017834,2024-02-04,Energy Refill,1.99,Android,RU
pu_0000484,p_017872,2024-03-16,Gem Bundle M,4.99,Android,US
pu_0000485,p_018341,2024-02-11,VIP Pass,29.99,iOS,US
pu_0000486,p_018341,2024-02-12,Energy Refill,1.99,iOS,US
pu_0000487,p_018341,2024-01-21,Cosmetic Skin,2.99,iOS,US
pu_0000488,p_018690,2024-02-15,Cosmetic Skin,2.99,Android,CA
pu_0000489,p_018854,2024-02-03,Gem Bundle S,0.99,iOS,DE
pu_0000490,p_018939,2024-01-13,Gem Bundle L,14.99,Android,JP
pu_0000491,p_019087,2024-03-16,VIP Pass,29.99,iOS,BR
pu_0000492,p_019087,2024-02-27,Gem Bundle L,14.99,iOS,BR
pu_0000493,p_019181,2024-01-10,Cosmetic Skin,2.99,Android,GB
pu_0000494,p_019191,2024-03-30,Gem Bundle M,4.99,iOS,US
pu_0000495,p_019325,2024-03-20,VIP Pass,29.99,Android,RU
pu_0000496,p_019325,2024-03-15,Battle Pass,9.99,Android,RU
pu_0000497,p_019660,2024-03-22,Cosmetic Skin,2.99,iOS,US
pu_0000498,p_019660,2024-03-26,Battle Pass,9.99,iOS,US
pu_0000499,p_019660,2024-03-24,Gem Bundle M,4.99,iOS,US
pu_0000500,p_019660,2024-03-26,Cosmetic Skin,2.99,iOS,US
pu_0000501,p_019660,2024-03-24,Gem Bundle L,14.99,iOS,US
pu_0000502,p_019839,2024-02-23,Energy Refill,1.99,iOS,US
pu_0000503,p_019839,2024-03-01,Cosmetic Skin,2.99,iOS,US
pu_0000504,p_019839,2024-02-22,Gem Bundle M,4.99,iOS,US
pu_0000505,p_019839,2024-02-13,Gem Bundle L,14.99,iOS,US
pu_0000506,p_019839,2024-03-13,Cosmetic Skin,2.99,iOS,US
pu_0000507,p_019854,2024-02-01,Gem Bundle M,4.99,iOS,DE
pu_0000508,p_019854,2024-02-04,Starter Pack,4.99,iOS,DE
pu_0000509,p_019854,2024-01-27,Energy Refill,1.99,iOS,DE
pu_0000510,p_019854,2024-01-14,VIP Pass,29.99,iOS,DE
pu_0000511,p_019854,2024-02-02,Gem Bundle L,14.99,iOS,DE
pu_0000512,p_019854,2024-02-01,VIP Pass,29.99,iOS,DE
pu_0000513,p_019854,2024-01-13,Gem Bundle L,14.99,iOS,DE
pu_0000514,p_019854,2024-02-01,Energy Refill,1.99,iOS,DE
pu_0000515,p_019854,2024-01-09,Gem Bundle M,4.99,iOS,DE
pu_0000516,p_019854,2024-01-09,Gem Bundle S,0.99,iOS,DE
pu_0000517,p_019854,2024-01-18,Cosmetic Skin,2.99,iOS,DE
pu_0000518,p_019854,2024-02-06,Energy Refill,1.99,iOS,DE
pu_0000519,p_019854,2024-02-01,Gem Bundle S,0.99,iOS,DE
pu_0000520,p_019854,2024-01-13,Cosmetic Skin,2.99,iOS,DE
pu_0000521,p_019854,2024-01-15,Battle Pass,9.99,iOS,DE
pu_0000522,p_019854,2024-01-31,Battle Pass,9.99,iOS,DE
pu_0000523,p_019854,2024-01-21,Battle Pass,9.99,iOS,DE
pu_0000524,p_019952,2024-02-10,Starter Pack,4.99,Android,CA
pu_0000525,p_019952,2024-02-14,Gem Bundle L,14.99,Android,CA
pu_0000526,p_019952,2024-02-09,Gem Bundle L,14.99,Android,CA
pu_0000527,p_020051,2024-02-29,VIP Pass,29.99,Android,CA
pu_0000528,p_020051,2024-01-30,Gem Bundle L,14.99,Android,CA
pu_0000529,p_020137,2024-01-08,Cosmetic Skin,2.99,iOS,BR
pu_0000530,p_020342,2024-01-16,Gem Bundle M,4.99,iOS,US
pu_0000531,p_020350,2024-01-11,Cosmetic Skin,2.99,iOS,FR
pu_0000532,p_020460,2024-01-24,Gem Bundle L,14.99,iOS,FR
pu_0000533,p_020470,2024-01-17,Gem Bundle S,0.99,iOS,CA
pu_0000534,p_020470,2024-01-10,Cosmetic Skin,2.99,iOS,CA
pu_0000535,p_020470,2024-01-23,Cosmetic Skin,2.99,iOS,CA
pu_0000536,p_020470,2024-01-23,Gem Bundle M,4.99,iOS,CA
pu_0000537,p_020470,2024-02-06,Gem Bundle L,14.99,iOS,CA
pu_0000538,p_020470,2024-02-09,Gem Bundle M,4.99,iOS,CA
pu_0000539,p_020470,2024-02-03,Gem Bundle M,4.99,iOS,CA
pu_0000540,p_020470,2024-01-24,Starter Pack,4.99,iOS,CA
pu_0000541,p_020470,2024-01-22,Starter Pack,4.99,iOS,CA
pu_0000542,p_020470,2024-02-08,VIP Pass,29.99,iOS,CA
pu_0000543,p_020470,2024-01-11,Gem Bundle M,4.99,iOS,CA
pu_0000544,p_020470,2024-01-10,Starter Pack,4.99,iOS,CA
pu_0000545,p_020470,2024-01-27,VIP Pass,29.99,iOS,CA
pu_0000546,p_020470,2024-01-22,Gem Bundle S,0.99,iOS,CA
pu_0000547,p_020470,2024-01-12,Gem Bundle S,0.99,iOS,CA
pu_0000548,p_020470,2024-02-02,Starter Pack,4.99,iOS,CA
pu_0000549,p_020470,2024-01-27,Battle Pass,9.99,iOS,CA
pu_0000550,p_020470,2024-01-25,Gem Bundle L,14.99,iOS,CA
pu_0000551,p_020470,2024-02-01,Starter Pack,4.99,iOS,CA
pu_0000552,p_020470,2024-02-09,Gem Bundle M,4.99,iOS,CA
pu_0000553,p_020470,2024-01-15,Cosmetic Skin,2.99,iOS,CA
pu_0000554,p_020470,2024-01-14,Gem Bundle S,0.99,iOS,CA
pu_0000555,p_020470,2024-01-30,Gem Bundle M,4.99,iOS,CA
pu_0000556,p_020470,2024-02-06,Gem Bundle S,0.99,iOS,CA
pu_0000557,p_020663,2024-01-27,Cosmetic Skin,2.99,Android,BR
pu_0000558,p_020693,2024-03-23,Gem Bundle M,4.99,Android,CA
pu_0000559,p_020888,2024-02-25,Battle Pass,9.99,iOS,KR
pu_0000560,p_020888,2024-03-10,Cosmetic Skin,2.99,iOS,KR
pu_0000561,p_020888,2024-02-29,Cosmetic Skin,2.99,iOS,KR
pu_0000562,p_020994,2024-01-26,Gem Bundle M,4.99,iOS,US
pu_0000563,p_021218,2024-02-22,Energy Refill,1.99,Android,CN
pu_0000564,p_021340,2024-02-03,Battle Pass,9.99,Android,DE
pu_0000565,p_021340,2024-01-05,VIP Pass,29.99,Android,DE
pu_0000566,p_021340,2024-01-07,Gem Bundle L,14.99,Android,DE
pu_0000567,p_021340,2024-01-09,Gem Bundle L,14.99,Android,DE
pu_0000568,p_021340,2024-01-25,Gem Bundle M,4.99,Android,DE
pu_0000569,p_021340,2024-02-02,Gem Bundle L,14.99,Android,DE
pu_0000570,p_021440,2024-01-21,Gem Bundle M,4.99,Android,BR
pu_0000571,p_021440,2024-01-31,Starter Pack,4.99,Android,BR
pu_0000572,p_021440,2024-02-05,Cosmetic Skin,2.99,Android,BR
pu_0000573,p_021440,2024-02-12,Gem Bundle S,0.99,Android,BR
pu_0000574,p_021440,2024-01-20,Battle Pass,9.99,Android,BR
pu_0000575,p_021440,2024-01-25,Gem Bundle S,0.99,Android,BR
pu_0000576,p_021514,2024-02-15,Battle Pass,9.99,Android,JP
pu_0000577,p_021639,2024-01-13,Gem Bundle S,0.99,Android,CN
pu_0000578,p_021639,2024-01-14,Battle Pass,9.99,Android,CN
pu_0000579,p_021639,2024-01-15,Starter Pack,4.99,Android,CN
pu_0000580,p_021639,2024-01-12,Energy Refill,1.99,Android,CN
pu_0000581,p_021639,2024-01-09,Battle Pass,9.99,Android,CN
pu_0000582,p_021639,2024-01-24,Energy Refill,1.99,Android,CN
pu_0000583,p_021639,2024-02-04,Energy Refill,1.99,Android,CN
pu_0000584,p_021645,2024-03-30,Energy Refill,1.99,iOS,US
pu_0000585,p_021645,2024-03-26,Energy Refill,1.99,iOS,US
pu_0000586,p_021645,2024-03-27,Battle Pass,9.99,iOS,US
pu_0000587,p_021653,2024-01-10,Cosmetic Skin,2.99,iOS,US
pu_0000588,p_021653,2024-01-26,Starter Pack,4.99,iOS,US
pu_0000589,p_021669,2024-01-23,Cosmetic Skin,2.99,Android,KR
pu_0000590,p_021669,2024-01-12,Battle Pass,9.99,Android,KR
pu_0000591,p_021669,2024-01-18,Gem Bundle M,4.99,Android,KR
pu_0000592,p_021669,2024-01-21,VIP Pass,29.99,Android,KR
pu_0000593,p_022087,2024-02-20,VIP Pass,29.99,iOS,BR
pu_0000594,p_022126,2024-01-25,Gem Bundle L,14.99,Android,KR
pu_0000595,p_022126,2024-01-17,Gem Bundle S,0.99,Android,KR
pu_0000596,p_022126,2024-01-28,Starter Pack,4.99,Android,KR
pu_0000597,p_022126,2024-01-18,VIP Pass,29.99,Android,KR
pu_0000598,p_022126,2024-01-31,Gem Bundle M,4.99,Android,KR
pu_0000599,p_022126,2024-01-18,Battle Pass,9.99,Android,KR
pu_0000600,p_022126,2024-01-19,Gem Bundle L,14.99,Android,KR
pu_0000601,p_022185,2024-01-25,VIP Pass,29.99,Android,CA
pu_0000602,p_022185,2024-01-24,Gem Bundle M,4.99,Android,CA
pu_0000603,p_022366,2024-01-23,Gem Bundle M,4.99,Android,US
pu_0000604,p_022366,2024-02-01,Gem Bundle M,4.99,Android,US
pu_0000605,p_022422,2024-02-09,Battle Pass,9.99,Android,CN
pu_0000606,p_022422,2024-02-18,Energy Refill,1.99,Android,CN
pu_0000607,p_022422,2024-01-21,Gem Bundle L,14.99,Android,CN
pu_0000608,p_022422,2024-02-12,Cosmetic Skin,2.99,Android,CN
pu_0000609,p_022422,2024-02-02,Starter Pack,4.99,Android,CN
pu_0000610,p_022422,2024-01-25,VIP Pass,29.99,Android,CN
pu_0000611,p_022422,2024-02-08,Starter Pack,4.99,Android,CN
pu_0000612,p_022422,2024-01-23,Starter Pack,4.99,Android,CN
pu_0000613,p_022422,2024-02-09,Gem Bundle S,0.99,Android,CN
pu_0000614,p_022422,2024-01-27,Gem Bundle S,0.99,Android,CN
pu_0000615,p_022422,2024-02-04,Gem Bundle L,14.99,Android,CN
pu_0000616,p_022422,2024-01-27,Battle Pass,9.99,Android,CN
pu_0000617,p_022439,2024-03-06,Gem Bundle M,4.99,Android,CA
pu_0000618,p_022439,2024-02-28,Battle Pass,9.99,Android,CA
pu_0000619,p_022439,2024-03-11,Gem Bundle L,14.99,Android,CA
pu_0000620,p_022445,2024-01-11,Starter Pack,4.99,Android,JP
pu_0000621,p_022475,2024-01-08,Gem Bundle S,0.99,Android,DE
pu_0000622,p_022475,2024-01-24,VIP Pass,29.99,Android,DE
pu_0000623,p_022475,2024-01-08,VIP Pass,29.99,Android,DE
pu_0000624,p_022475,2024-01-16,Battle Pass,9.99,Android,DE
pu_0000625,p_022475,2024-02-05,Cosmetic Skin,2.99,Android,DE
pu_0000626,p_022475,2024-01-27,Cosmetic Skin,2.99,Android,DE
pu_0000627,p_022475,2024-01-29,Energy Refill,1.99,Android,DE
pu_0000628,p_022475,2024-02-03,Energy Refill,1.99,Android,DE
pu_0000629,p_022542,2024-01-20,Gem Bundle L,14.99,Android,GB
pu_0000630,p_022542,2024-01-30,Gem Bundle L,14.99,Android,GB
pu_0000631,p_022564,2024-01-25,VIP Pass,29.99,Android,US
pu_0000632,p_022564,2024-02-05,Energy Refill,1.99,Android,US
pu_0000633,p_022564,2024-02-06,Gem Bundle S,0.99,Android,US
pu_0000634,p_022670,2024-03-11,Gem Bundle L,14.99,Android,JP
pu_0000635,p_022924,2024-01-10,Gem Bundle L,14.99,Android,DE
pu_0000636,p_022939,2024-01-27,Cosmetic Skin,2.99,Android,US
pu_0000637,p_022939,2024-02-04,Battle Pass,9.99,Android,US
pu_0000638,p_022988,2024-01-21,Gem Bundle M,4.99,Android,CA
pu_0000639,p_023054,2024-01-06,Energy Refill,1.99,iOS,CN
pu_0000640,p_023202,2024-02-28,Battle Pass,9.99,Android,US
pu_0000641,p_023202,2024-03-12,Gem Bundle L,14.99,Android,US
pu_0000642,p_023202,2024-02-27,Gem Bundle L,14.99,Android,US
pu_0000643,p_023202,2024-03-05,Gem Bundle S,0.99,Android,US
pu_0000644,p_023202,2024-03-03,Gem Bundle M,4.99,Android,US
pu_0000645,p_023208,2024-01-15,VIP Pass,29.99,iOS,JP
pu_0000646,p_023270,2024-01-25,Gem Bundle S,0.99,iOS,CA
pu_0000647,p_023270,2024-02-06,Starter Pack,4.99,iOS,CA
pu_0000648,p_023359,2024-03-30,VIP Pass,29.99,iOS,CN
pu_0000649,p_023402,2024-02-13,Cosmetic Skin,2.99,iOS,CA
pu_0000650,p_023402,2024-02-09,Battle Pass,9.99,iOS,CA
pu_0000651,p_023402,2024-02-14,VIP Pass,29.99,iOS,CA
pu_0000652,p_023402,2024-01-18,Battle Pass,9.99,iOS,CA
pu_0000653,p_023629,2024-02-17,Starter Pack,4.99,iOS,US
pu_0000654,p_023629,2024-02-05,VIP Pass,29.99,iOS,US
pu_0000655,p_023629,2024-02-17,Gem Bundle M,4.99,iOS,US
pu_0000656,p_023629,2024-01-23,VIP Pass,29.99,iOS,US
pu_0000657,p_023629,2024-01-21,Gem Bundle L,14.99,iOS,US
pu_0000658,p_023743,2024-01-26,Energy Refill,1.99,iOS,CN
pu_0000659,p_023743,2024-01-19,Energy Refill,1.99,iOS,CN
pu_0000660,p_023743,2024-01-28,VIP Pass,29.99,iOS,CN
pu_0000661,p_023743,2024-01-11,Gem Bundle S,0.99,iOS,CN
pu_0000662,p_023743,2024-01-21,Energy Refill,1.99,iOS,CN
pu_0000663,p_023743,2024-02-02,Cosmetic Skin,2.99,iOS,CN
pu_0000664,p_023743,2024-01-27,Gem Bundle M,4.99,iOS,CN
pu_0000665,p_023743,2024-01-25,Gem Bundle M,4.99,iOS,CN
pu_0000666,p_023771,2024-02-02,VIP Pass,29.99,Android,US
pu_0000667,p_023771,2024-01-21,Gem Bundle S,0.99,Android,US
pu_0000668,p_023771,2024-01-24,Starter Pack,4.99,Android,US
pu_0000669,p_023771,2024-01-22,VIP Pass,29.99,Android,US
pu_0000670,p_023771,2024-01-25,Energy Refill,1.99,Android,US
pu_0000671,p_023771,2024-02-03,Energy Refill,1.99,Android,US
pu_0000672,p_023771,2024-01-29,Cosmetic Skin,2.99,Android,US
pu_0000673,p_023983,2024-02-07,Battle Pass,9.99,iOS,US
pu_0000674,p_024152,2024-01-17,Energy Refill,1.99,Android,FR
pu_0000675,p_024232,2024-01-23,Gem Bundle M,4.99,iOS,JP
pu_0000676,p_024232,2024-01-20,Gem Bundle S,0.99,iOS,JP
pu_0000677,p_024232,2024-01-14,Gem Bundle S,0.99,iOS,JP
pu_0000678,p_024276,2024-01-25,Gem Bundle M,4.99,Android,RU
pu_0000679,p_024328,2024-02-01,Gem Bundle M,4.99,iOS,DE
pu_0000680,p_024328,2024-02-11,Gem Bundle L,14.99,iOS,DE
pu_0000681,p_024328,2024-02-02,Gem Bundle L,14.99,iOS,DE
pu_0000682,p_024751,2024-01-10,Battle Pass,9.99,iOS,JP
pu_0000683,p_024751,2024-01-26,Starter Pack,4.99,iOS,JP
pu_0000684,p_024751,2024-01-24,Starter Pack,4.99,iOS,JP
pu_0000685,p_024751,2024-01-29,Gem Bundle L,14.99,iOS,JP
pu_0000686,p_024751,2024-01-23,VIP Pass,29.99,iOS,JP
pu_0000687,p_025076,2024-03-27,VIP Pass,29.99,Android,US
pu_0000688,p_025208,2024-02-18,Cosmetic Skin,2.99,Android,CA
pu_0000689,p_025260,2024-02-02,VIP Pass,29.99,Android,GB
pu_0000690,p_025260,2024-02-05,Gem Bundle L,14.99,Android,GB
pu_0000691,p_025265,2024-01-31,Energy Refill,1.99,Android,CA
pu_0000692,p_025525,2024-01-27,Gem Bundle L,14.99,Android,JP
pu_0000693,p_025525,2024-01-02,Gem Bundle L,14.99,Android,JP
pu_0000694,p_025525,2024-01-09,Gem Bundle L,14.99,Android,JP
pu_0000695,p_025525,2024-01-09,Cosmetic Skin,2.99,Android,JP
pu_0000696,p_025525,2024-01-20,Gem Bundle M,4.99,Android,JP
pu_0000697,p_025525,2024-01-05,Energy Refill,1.99,Android,JP
pu_0000698,p_025525,2024-02-01,Starter Pack,4.99,Android,JP
pu_0000699,p_025525,2024-01-22,Gem Bundle S,0.99,Android,JP
pu_0000700,p_026006,2024-01-21,VIP Pass,29.99,iOS,CN
pu_0000701,p_026006,2024-01-22,Cosmetic Skin,2.99,iOS,CN
pu_0000702,p_026006,2024-01-07,Gem Bundle L,14.99,iOS,CN
pu_0000703,p_026006,2024-01-07,VIP Pass,29.99,iOS,CN
pu_0000704,p_026006,2024-01-01,Gem Bundle L,14.99,iOS,CN
pu_0000705,p_026006,2024-01-16,Gem Bundle M,4.99,iOS,CN
pu_0000706,p_026006,2024-01-27,Energy Refill,1.99,iOS,CN
pu_0000707,p_026006,2024-01-26,Battle Pass,9.99,iOS,CN
pu_0000708,p_026015,2024-02-02,Gem Bundle S,0.99,Android,BR
pu_0000709,p_026015,2024-01-21,Gem Bundle M,4.99,Android,BR
pu_0000710,p_026015,2024-01-22,VIP Pass,29.99,Android,BR
pu_0000711,p_026015,2024-01-28,Gem Bundle S,0.99,Android,BR
pu_0000712,p_026015,2024-01-27,Cosmetic Skin,2.99,Android,BR
pu_0000713,p_026015,2024-01-28,VIP Pass,29.99,Android,BR
pu_0000714,p_026015,2024-01-24,Cosmetic Skin,2.99,Android,BR
pu_0000715,p_026047,2024-01-17,Gem Bundle M,4.99,Android,CA
pu_0000716,p_026047,2024-02-05,Cosmetic Skin,2.99,Android,CA
pu_0000717,p_026127,2024-01-31,Gem Bundle M,4.99,Android,JP
pu_0000718,p_026217,2024-01-14,Starter Pack,4.99,Android,US
pu_0000719,p_026291,2024-01-27,VIP Pass,29.99,Android,BR
pu_0000720,p_026291,2024-01-13,Starter Pack,4.99,Android,BR
pu_0000721,p_026291,2024-01-12,Gem Bundle L,14.99,Android,BR
pu_0000722,p_026291,2024-01-11,Energy Refill,1.99,Android,BR
pu_0000723,p_026316,2024-01-28,Gem Bundle M,4.99,iOS,RU
pu_0000724,p_026316,2024-01-19,Gem Bundle S,0.99,iOS,RU
pu_0000725,p_026316,2024-01-20,Gem Bundle L,14.99,iOS,RU
pu_0000726,p_026316,2024-02-01,Energy Refill,1.99,iOS,RU
pu_0000727,p_026316,2024-02-04,Starter Pack,4.99,iOS,RU
pu_0000728,p_026316,2024-01-21,Energy Refill,1.99,iOS,RU
pu_0000729,p_026316,2024-02-02,Starter Pack,4.99,iOS,RU
pu_0000730,p_026345,2024-01-18,VIP Pass,29.99,Android,US
pu_0000731,p_026465,2024-01-24,Gem Bundle S,0.99,Android,US
pu_0000732,p_026493,2024-02-05,Cosmetic Skin,2.99,iOS,JP
pu_0000733,p_026534,2024-02-03,Energy Refill,1.99,iOS,DE
pu_0000734,p_026534,2024-01-16,Energy Refill,1.99,iOS,DE
pu_0000735,p_026534,2024-02-11,Cosmetic Skin,2.99,iOS,DE
pu_0000736,p_026534,2024-01-25,Battle Pass,9.99,iOS,DE
pu_0000737,p_026573,2024-01-07,Cosmetic Skin,2.99,Android,RU
pu_0000738,p_026666,2024-03-04,Cosmetic Skin,2.99,Android,BR
pu_0000739,p_026666,2024-02-24,Cosmetic Skin,2.99,Android,BR
pu_0000740,p_026666,2024-02-16,Starter Pack,4.99,Android,BR
pu_0000741,p_026698,2024-01-15,VIP Pass,29.99,Android,US
pu_0000742,p_026775,2024-02-02,Cosmetic Skin,2.99,Android,DE
pu_0000743,p_026775,2024-02-07,Battle Pass,9.99,Android,DE
pu_0000744,p_026790,2024-02-18,Energy Refill,1.99,iOS,CN
pu_0000745,p_026790,2024-02-12,VIP Pass,29.99,iOS,CN
pu_0000746,p_026814,2024-02-25,Gem Bundle L,14.99,Android,RU
pu_0000747,p_026814,2024-02-18,Energy Refill,1.99,Android,RU
pu_0000748,p_026814,2024-02-07,VIP Pass,29.99,Android,RU
pu_0000749,p_026814,2024-02-28,VIP Pass,29.99,Android,RU
pu_0000750,p_026814,2024-02-10,VIP Pass,29.99,Android,RU
pu_0000751,p_026814,2024-02-11,Energy Refill,1.99,Android,RU
pu_0000752,p_026814,2024-02-23,Gem Bundle L,14.99,Android,RU
pu_0000753,p_026814,2024-02-29,Starter Pack,4.99,Android,RU
pu_0000754,p_026814,2024-02-04,VIP Pass,29.99,Android,RU
pu_0000755,p_026883,2024-01-01,Battle Pass,9.99,iOS,CN
pu_0000756,p_027136,2024-02-06,Cosmetic Skin,2.99,Android,CA
pu_0000757,p_027160,2024-01-24,VIP Pass,29.99,Android,KR
pu_0000758,p_027210,2024-01-29,Battle Pass,9.99,iOS,US
pu_0000759,p_027210,2024-01-16,VIP Pass,29.99,iOS,US
pu_0000760,p_027210,2024-01-26,Gem Bundle S,0.99,iOS,US
pu_0000761,p_027210,2024-01-04,Energy Refill,1.99,iOS,US
pu_0000762,p_027283,2024-01-17,Cosmetic Skin,2.99,Android,BR
pu_0000763,p_027303,2024-02-12,Gem Bundle L,14.99,Android,DE
pu_0000764,p_027471,2024-03-22,Gem Bundle L,14.99,Android,US
pu_0000765,p_027471,2024-03-30,Battle Pass,9.99,Android,US
pu_0000766,p_027523,2024-02-05,Energy Refill,1.99,iOS,US
pu_0000767,p_027562,2024-02-01,Cosmetic Skin,2.99,Android,BR
pu_0000768,p_027717,2024-01-12,Gem Bundle M,4.99,iOS,US
pu_0000769,p_027738,2024-02-11,Cosmetic Skin,2.99,iOS,CA
pu_0000770,p_027738,2024-02-07,Gem Bundle M,4.99,iOS,CA
pu_0000771,p_027738,2024-02-07,VIP Pass,29.99,iOS,CA
pu_0000772,p_027738,2024-01-17,Cosmetic Skin,2.99,iOS,CA
pu_0000773,p_027738,2024-01-28,VIP Pass,29.99,iOS,CA
pu_0000774,p_027738,2024-01-20,VIP Pass,29.99,iOS,CA
pu_0000775,p_027738,2024-01-18,VIP Pass,29.99,iOS,CA
pu_0000776,p_027738,2024-02-07,Gem Bundle M,4.99,iOS,CA
pu_0000777,p_027738,2024-01-20,Energy Refill,1.99,iOS,CA
pu_0000778,p_027738,2024-01-23,Gem Bundle L,14.99,iOS,CA
pu_0000779,p_027738,2024-01-21,Gem Bundle L,14.99,iOS,CA
pu_0000780,p_027738,2024-01-14,VIP Pass,29.99,iOS,CA
pu_0000781,p_027738,2024-01-27,Gem Bundle L,14.99,iOS,CA
pu_0000782,p_027738,2024-02-01,Gem Bundle S,0.99,iOS,CA
pu_0000783,p_027738,2024-01-15,Cosmetic Skin,2.99,iOS,CA
pu_0000784,p_027773,2024-02-10,Gem Bundle S,0.99,Android,FR
pu_0000785,p_027773,2024-02-17,Battle Pass,9.99,Android,FR
pu_0000786,p_027773,2024-02-16,Gem Bundle L,14.99,Android,FR
pu_0000787,p_027773,2024-02-08,Gem Bundle L,14.99,Android,FR
pu_0000788,p_027903,2024-03-08,Battle Pass,9.99,iOS,FR
pu_0000789,p_027903,2024-02-16,VIP Pass,29.99,iOS,FR
pu_0000790,p_027903,2024-03-16,Battle Pass,9.99,iOS,FR
pu_0000791,p_027903,2024-03-06,Gem Bundle M,4.99,iOS,FR
pu_0000792,p_027903,2024-03-04,Battle Pass,9.99,iOS,FR
pu_0000793,p_028004,2024-01-11,Gem Bundle L,14.99,iOS,US
pu_0000794,p_028028,2024-02-04,VIP Pass,29.99,Android,DE
pu_0000795,p_028172,2024-02-29,Starter Pack,4.99,iOS,US
pu_0000796,p_028173,2024-03-27,Gem Bundle S,0.99,Android,US
pu_0000797,p_028173,2024-03-30,Gem Bundle L,14.99,Android,US
pu_0000798,p_028498,2024-01-15,Gem Bundle S,0.99,Android,US
pu_0000799,p_028576,2024-02-01,Gem Bundle S,0.99,iOS,JP
pu_0000800,p_028668,2024-01-18,Starter Pack,4.99,iOS,US
pu_0000801,p_028774,2024-01-23,Energy Refill,1.99,iOS,US
pu_0000802,p_028774,2024-01-15,Battle Pass,9.99,iOS,US
pu_0000803,p_028774,2024-01-09,Gem Bundle S,0.99,iOS,US
pu_0000804,p_028847,2024-01-29,VIP Pass,29.99,Android,BR
pu_0000805,p_028847,2024-01-24,Gem Bundle S,0.99,Android,BR
pu_0000806,p_028847,2024-01-11,Gem Bundle M,4.99,Android,BR
pu_0000807,p_028847,2024-01-28,Gem Bundle M,4.99,Android,BR
pu_0000808,p_029016,2024-02-02,Gem Bundle M,4.99,Android,JP
pu_0000809,p_029103,2024-02-04,Cosmetic Skin,2.99,iOS,US
pu_0000810,p_029103,2024-01-18,Energy Refill,1.99,iOS,US
pu_0000811,p_029436,2024-01-31,Gem Bundle M,4.99,iOS,US
pu_0000812,p_029436,2024-01-23,Cosmetic Skin,2.99,iOS,US
pu_0000813,p_029436,2024-02-11,Gem Bundle L,14.99,iOS,US
pu_0000814,p_029436,2024-01-27,Cosmetic Skin,2.99,iOS,US
pu_0000815,p_029436,2024-02-05,Starter Pack,4.99,iOS,US
pu_0000816,p_029436,2024-01-26,Gem Bundle S,0.99,iOS,US
pu_0000817,p_029436,2024-02-14,Energy Refill,1.99,iOS,US
pu_0000818,p_029436,2024-01-29,Battle Pass,9.99,iOS,US
pu_0000819,p_029436,2024-02-02,Gem Bundle L,14.99,iOS,US
pu_0000820,p_029436,2024-01-23,VIP Pass,29.99,iOS,US
pu_0000821,p_029436,2024-01-25,Cosmetic Skin,2.99,iOS,US
pu_0000822,p_029436,2024-02-01,Gem Bundle S,0.99,iOS,US
pu_0000823,p_029436,2024-02-15,VIP Pass,29.99,iOS,US
pu_0000824,p_029541,2024-01-18,Gem Bundle M,4.99,Android,DE
pu_0000825,p_029544,2024-01-30,Gem Bundle S,0.99,Android,CN
pu_0000826,p_029575,2024-02-19,Gem Bundle L,14.99,Android,FR
pu_0000827,p_029575,2024-02-16,VIP Pass,29.99,Android,FR
pu_0000828,p_029602,2024-01-27,Gem Bundle M,4.99,iOS,BR
pu_0000829,p_029641,2024-03-02,Starter Pack,4.99,Android,DE
pu_0000830,p_029641,2024-02-28,Starter Pack,4.99,Android,DE
pu_0000831,p_029758,2024-01-08,Gem Bundle S,0.99,iOS,US
pu_0000832,p_029758,2024-01-20,Starter Pack,4.99,iOS,US
pu_0000833,p_029758,2024-01-09,Battle Pass,9.99,iOS,US
pu_0000834,p_029758,2024-01-29,Cosmetic Skin,2.99,iOS,US
pu_0000835,p_029758,2024-01-30,Starter Pack,4.99,iOS,US
pu_0000836,p_029758,2024-02-02,Gem Bundle L,14.99,iOS,US
pu_0000837,p_029758,2024-01-12,Gem Bundle L,14.99,iOS,US
pu_0000838,p_029782,2024-01-08,Starter Pack,4.99,iOS,DE
pu_0000839,p_029810,2024-01-26,Gem Bundle L,14.99,iOS,DE
pu_0000840,p_029925,2024-01-11,Energy Refill,1.99,iOS,US
pu_0000841,p_029925,2024-01-07,Starter Pack,4.99,iOS,US
pu_0000842,p_029945,2024-01-08,Battle Pass,9.99,Android,JP
pu_0000843,p_030254,2024-02-29,Gem Bundle S,0.99,iOS,CA
pu_0000844,p_030356,2024-02-09,Gem Bundle S,0.99,Android,CN
pu_0000845,p_030356,2024-01-26,VIP Pass,29.99,Android,CN
pu_0000846,p_030356,2024-01-19,Gem Bundle L,14.99,Android,CN
pu_0000847,p_030356,2024-02-03,Battle Pass,9.99,Android,CN
pu_0000848,p_030356,2024-01-19,Cosmetic Skin,2.99,Android,CN
pu_0000849,p_030356,2024-01-30,Starter Pack,4.99,Android,CN
pu_0000850,p_030356,2024-01-26,Starter Pack,4.99,Android,CN
pu_0000851,p_030356,2024-01-21,Gem Bundle S,0.99,Android,CN
pu_0000852,p_030356,2024-01-19,Gem Bundle M,4.99,Android,CN
pu_0000853,p_030356,2024-01-11,Gem Bundle S,0.99,Android,CN
pu_0000854,p_030356,2024-01-12,Cosmetic Skin,2.99,Android,CN
pu_0000855,p_030356,2024-02-09,Battle Pass,9.99,Android,CN
pu_0000856,p_030356,2024-01-31,VIP Pass,29.99,Android,CN
pu_0000857,p_030356,2024-01-20,Battle Pass,9.99,Android,CN
pu_0000858,p_030356,2024-01-11,Gem Bundle S,0.99,Android,CN
pu_0000859,p_030496,2024-02-19,VIP Pass,29.99,iOS,CA
pu_0000860,p_030496,2024-02-26,Cosmetic Skin,2.99,iOS,CA
pu_0000861,p_030559,2024-01-29,Starter Pack,4.99,Android,US
pu_0000862,p_030790,2024-01-04,Gem Bundle M,4.99,iOS,US
pu_0000863,p_030798,2024-02-07,Energy Refill,1.99,Android,US
pu_0000864,p_030798,2024-02-09,Energy Refill,1.99,Android,US
pu_0000865,p_030987,2024-01-23,Starter Pack,4.99,Android,US
pu_0000866,p_031148,2024-01-13,Cosmetic Skin,2.99,Android,GB
pu_0000867,p_031148,2024-01-23,VIP Pass,29.99,Android,GB
pu_0000868,p_031148,2024-01-13,Energy Refill,1.99,Android,GB
pu_0000869,p_031148,2024-01-10,Starter Pack,4.99,Android,GB
pu_0000870,p_031148,2024-02-03,Starter Pack,4.99,Android,GB
pu_0000871,p_031148,2024-01-16,Starter Pack,4.99,Android,GB
pu_0000872,p_031148,2024-01-22,Energy Refill,1.99,Android,GB
pu_0000873,p_031148,2024-01-14,Starter Pack,4.99,Android,GB
pu_0000874,p_031148,2024-02-02,VIP Pass,29.99,Android,GB
pu_0000875,p_031175,2024-01-25,Battle Pass,9.99,Android,DE
pu_0000876,p_031175,2024-01-13,Energy Refill,1.99,Android,DE
pu_0000877,p_031175,2024-01-23,Battle Pass,9.99,Android,DE
pu_0000878,p_031175,2024-01-31,Gem Bundle S,0.99,Android,DE
pu_0000879,p_031175,2024-01-18,VIP Pass,29.99,Android,DE
pu_0000880,p_031175,2024-01-19,Gem Bundle M,4.99,Android,DE
pu_0000881,p_031175,2024-01-29,Cosmetic Skin,2.99,Android,DE
pu_0000882,p_031233,2024-02-29,Energy Refill,1.99,iOS,CA
pu_0000883,p_031233,2024-03-25,Gem Bundle L,14.99,iOS,CA
pu_0000884,p_031314,2024-03-27,Battle Pass,9.99,Android,DE
pu_0000885,p_031314,2024-03-22,Battle Pass,9.99,Android,DE
pu_0000886,p_031354,2024-01-31,Energy Refill,1.99,Android,US
pu_0000887,p_031441,2024-02-12,VIP Pass,29.99,iOS,CN
pu_0000888,p_031441,2024-01-30,Energy Refill,1.99,iOS,CN
pu_0000889,p_031474,2024-02-02,Energy Refill,1.99,Android,JP
pu_0000890,p_031949,2024-02-05,Gem Bundle L,14.99,iOS,RU
pu_0000891,p_031949,2024-01-19,Gem Bundle S,0.99,iOS,RU
pu_0000892,p_031949,2024-01-20,Gem Bundle M,4.99,iOS,RU
pu_0000893,p_031949,2024-02-11,Battle Pass,9.99,iOS,RU
pu_0000894,p_032045,2024-01-25,Battle Pass,9.99,iOS,JP
pu_0000895,p_032045,2024-01-22,VIP Pass,29.99,iOS,JP
pu_0000896,p_032096,2024-01-26,Gem Bundle M,4.99,iOS,DE
pu_0000897,p_032096,2024-01-14,Starter Pack,4.99,iOS,DE
pu_0000898,p_032166,2024-01-27,VIP Pass,29.99,iOS,US
pu_0000899,p_032337,2024-02-27,Battle Pass,9.99,Android,KR
pu_0000900,p_032337,2024-02-05,VIP Pass,29.99,Android,KR
pu_0000901,p_032337,2024-02-09,Gem Bundle L,14.99,Android,KR
pu_0000902,p_032337,2024-02-08,Battle Pass,9.99,Android,KR
pu_0000903,p_032337,2024-02-13,Energy Refill,1.99,Android,KR
pu_0000904,p_032337,2024-02-27,Battle Pass,9.99,Android,KR
pu_0000905,p_032337,2024-03-05,VIP Pass,29.99,Android,KR
pu_0000906,p_032337,2024-03-02,Energy Refill,1.99,Android,KR
pu_0000907,p_032337,2024-02-12,Energy Refill,1.99,Android,KR
pu_0000908,p_032578,2024-01-26,VIP Pass,29.99,Android,CA
pu_0000909,p_032709,2024-01-22,Gem Bundle L,14.99,iOS,KR
pu_0000910,p_032821,2024-02-01,Gem Bundle M,4.99,Android,CA
pu_0000911,p_032821,2024-01-28,Energy Refill,1.99,Android,CA
pu_0000912,p_032829,2024-01-20,Battle Pass,9.99,iOS,BR
pu_0000913,p_032846,2024-01-18,Battle Pass,9.99,iOS,US
pu_0000914,p_032848,2024-01-16,Gem Bundle M,4.99,Android,JP
pu_0000915,p_032848,2024-01-22,Energy Refill,1.99,Android,JP
pu_0000916,p_032848,2024-01-29,Energy Refill,1.99,Android,JP
pu_0000917,p_032848,2024-02-07,Cosmetic Skin,2.99,Android,JP
pu_0000918,p_032848,2024-01-19,Gem Bundle L,14.99,Android,JP
pu_0000919,p_032848,2024-01-24,Gem Bundle L,14.99,Android,JP
pu_0000920,p_033069,2024-02-02,Starter Pack,4.99,Android,CA
pu_0000921,p_033111,2024-01-15,Gem Bundle M,4.99,Android,BR
pu_0000922,p_033111,2024-02-02,Battle Pass,9.99,Android,BR
pu_0000923,p_033111,2024-01-12,Starter Pack,4.99,Android,BR
pu_0000924,p_033202,2024-02-11,Gem Bundle L,14.99,Android,CA
pu_0000925,p_033202,2024-02-02,VIP Pass,29.99,Android,CA
pu_0000926,p_033202,2024-01-21,Battle Pass,9.99,Android,CA
pu_0000927,p_033202,2024-01-30,Starter Pack,4.99,Android,CA
pu_0000928,p_033202,2024-01-17,Energy Refill,1.99,Android,CA
pu_0000929,p_033202,2024-02-04,Battle Pass,9.99,Android,CA
pu_0000930,p_033202,2024-02-01,VIP Pass,29.99,Android,CA
pu_0000931,p_033202,2024-01-28,Gem Bundle L,14.99,Android,CA
pu_0000932,p_033202,2024-02-14,Gem Bundle M,4.99,Android,CA
pu_0000933,p_033625,2024-03-01,Energy Refill,1.99,Android,CA
pu_0000934,p_033625,2024-03-06,Battle Pass,9.99,Android,CA
pu_0000935,p_033625,2024-03-14,Cosmetic Skin,2.99,Android,CA
pu_0000936,p_033625,2024-03-10,Cosmetic Skin,2.99,Android,CA
pu_0000937,p_033634,2024-01-21,Gem Bundle L,14.99,iOS,BR
pu_0000938,p_033634,2024-01-31,Gem Bundle L,14.99,iOS,BR
pu_0000939,p_033645,2024-02-01,Gem Bundle S,0.99,Android,CN
pu_0000940,p_034059,2024-02-21,Gem Bundle M,4.99,Android,US
pu_0000941,p_034059,2024-02-28,Battle Pass,9.99,Android,US
pu_0000942,p_034059,2024-02-27,Gem Bundle M,4.99,Android,US
pu_0000943,p_034059,2024-02-24,Cosmetic Skin,2.99,Android,US
pu_0000944,p_034068,2024-01-24,Starter Pack,4.99,iOS,US
pu_0000945,p_034068,2024-01-11,Cosmetic Skin,2.99,iOS,US
pu_0000946,p_034104,2024-01-15,Gem Bundle M,4.99,iOS,CN
pu_0000947,p_034170,2024-01-05,Gem Bundle S,0.99,iOS,BR
pu_0000948,p_034170,2024-01-09,Battle Pass,9.99,iOS,BR
pu_0000949,p_034170,2024-01-22,Gem Bundle L,14.99,iOS,BR
pu_0000950,p_034170,2024-01-08,VIP Pass,29.99,iOS,BR
pu_0000951,p_034380,2024-02-03,Cosmetic Skin,2.99,Android,RU
pu_0000952,p_034380,2024-02-13,Gem Bundle M,4.99,Android,RU
pu_0000953,p_034596,2024-02-24,Starter Pack,4.99,Android,JP
pu_0000954,p_034596,2024-03-11,Starter Pack,4.99,Android,JP
pu_0000955,p_034596,2024-03-02,Energy Refill,1.99,Android,JP
pu_0000956,p_034596,2024-03-04,VIP Pass,29.99,Android,JP
pu_0000957,p_034596,2024-02-22,Gem Bundle M,4.99,Android,JP
pu_0000958,p_034596,2024-03-10,Gem Bundle M,4.99,Android,JP
pu_0000959,p_034596,2024-02-19,VIP Pass,29.99,Android,JP
pu_0000960,p_034782,2024-02-04,Battle Pass,9.99,Android,CN
pu_0000961,p_034782,2024-01-10,Starter Pack,4.99,Android,CN
pu_0000962,p_034807,2024-01-26,Cosmetic Skin,2.99,Android,BR
pu_0000963,p_034807,2024-02-11,Gem Bundle S,0.99,Android,BR
pu_0000964,p_034807,2024-01-16,Cosmetic Skin,2.99,Android,BR
pu_0000965,p_034807,2024-01-21,Gem Bundle S,0.99,Android,BR
pu_0000966,p_034807,2024-02-09,Gem Bundle S,0.99,Android,BR
pu_0000967,p_034881,2024-03-26,Gem Bundle M,4.99,iOS,GB
pu_0000968,p_034906,2024-02-27,Gem Bundle S,0.99,Android,BR
pu_0000969,p_034906,2024-03-03,Gem Bundle L,14.99,Android,BR
pu_0000970,p_034906,2024-02-13,Starter Pack,4.99,Android,BR
pu_0000971,p_034906,2024-02-15,Battle Pass,9.99,Android,BR
pu_0000972,p_034906,2024-02-11,Cosmetic Skin,2.99,Android,BR
pu_0000973,p_034906,2024-02-08,Gem Bundle M,4.99,Android,BR
pu_0000974,p_034906,2024-02-22,Energy Refill,1.99,Android,BR
pu_0000975,p_034915,2024-01-21,Cosmetic Skin,2.99,iOS,GB
pu_0000976,p_034978,2024-01-23,Cosmetic Skin,2.99,Android,US
pu_0000977,p_034978,2024-01-25,Cosmetic Skin,2.99,Android,US
pu_0000978,p_034978,2024-01-28,Cosmetic Skin,2.99,Android,US
pu_0000979,p_034978,2024-01-18,Energy Refill,1.99,Android,US
pu_0000980,p_034978,2024-02-01,Cosmetic Skin,2.99,Android,US
pu_0000981,p_035186,2024-01-06,Starter Pack,4.99,Android,CN
pu_0000982,p_035186,2024-01-28,Cosmetic Skin,2.99,Android,CN
pu_0000983,p_035186,2024-01-27,Gem Bundle L,14.99,Android,CN
pu_0000984,p_035186,2024-01-10,VIP Pass,29.99,Android,CN
pu_0000985,p_035186,2024-02-01,VIP Pass,29.99,Android,CN
pu_0000986,p_035186,2024-01-10,Energy Refill,1.99,Android,CN
pu_0000987,p_035186,2024-01-23,VIP Pass,29.99,Android,CN
pu_0000988,p_035186,2024-01-14,VIP Pass,29.99,Android,CN
pu_0000989,p_035186,2024-01-10,VIP Pass,29.99,Android,CN
pu_0000990,p_035186,2024-01-09,Cosmetic Skin,2.99,Android,CN
pu_0000991,p_035254,2024-01-20,VIP Pass,29.99,iOS,RU
pu_0000992,p_035254,2024-01-02,Battle Pass,9.99,iOS,RU
pu_0000993,p_035254,2024-01-26,VIP Pass,29.99,iOS,RU
pu_0000994,p_035254,2024-01-20,Starter Pack,4.99,iOS,RU
pu_0000995,p_035426,2024-01-27,Starter Pack,4.99,Android,JP
pu_0000996,p_035426,2024-01-22,Gem Bundle L,14.99,Android,JP
pu_0000997,p_035442,2024-02-15,Gem Bundle M,4.99,iOS,RU
pu_0000998,p_035442,2024-02-02,VIP Pass,29.99,iOS,RU
pu_0000999,p_035442,2024-01-28,Battle Pass,9.99,iOS,RU
pu_0001000,p_035442,2024-02-16,Battle Pass,9.99,iOS,RU
pu_0001001,p_035442,2024-01-29,Cosmetic Skin,2.99,iOS,RU
pu_0001002,p_035442,2024-02-19,VIP Pass,29.99,iOS,RU
pu_0001003,p_035478,2024-02-05,Gem Bundle M,4.99,Android,KR
pu_0001004,p_035503,2024-01-26,VIP Pass,29.99,iOS,US
pu_0001005,p_035503,2024-01-24,Cosmetic Skin,2.99,iOS,US
pu_0001006,p_035556,2024-01-21,Gem Bundle L,14.99,iOS,FR
pu_0001007,p_035556,2024-02-13,VIP Pass,29.99,iOS,FR
pu_0001008,p_035556,2024-01-26,Gem Bundle M,4.99,iOS,FR
pu_0001009,p_035556,2024-02-10,Gem Bundle S,0.99,iOS,FR
pu_0001010,p_035556,2024-01-26,Battle Pass,9.99,iOS,FR
pu_0001011,p_035556,2024-02-12,VIP Pass,29.99,iOS,FR
pu_0001012,p_035556,2024-02-08,Gem Bundle S,0.99,iOS,FR
pu_0001013,p_035556,2024-01-26,Battle Pass,9.99,iOS,FR
pu_0001014,p_035556,2024-01-28,Gem Bundle L,14.99,iOS,FR
pu_0001015,p_035556,2024-01-28,Starter Pack,4.99,iOS,FR
pu_0001016,p_035556,2024-02-10,Gem Bundle L,14.99,iOS,FR
pu_0001017,p_035556,2024-01-25,Gem Bundle S,0.99,iOS,FR
pu_0001018,p_035556,2024-02-11,Starter Pack,4.99,iOS,FR
pu_0001019,p_035556,2024-02-08,Energy Refill,1.99,iOS,FR
pu_0001020,p_035556,2024-01-30,Gem Bundle S,0.99,iOS,FR
pu_0001021,p_035556,2024-01-14,Gem Bundle M,4.99,iOS,FR
pu_0001022,p_035556,2024-01-31,Starter Pack,4.99,iOS,FR
pu_0001023,p_035556,2024-01-22,Gem Bundle M,4.99,iOS,FR
pu_0001024,p_035556,2024-01-28,Gem Bundle M,4.99,iOS,FR
pu_0001025,p_035556,2024-01-28,VIP Pass,29.99,iOS,FR
pu_0001026,p_035556,2024-01-17,Gem Bundle S,0.99,iOS,FR
pu_0001027,p_035556,2024-01-20,VIP Pass,29.99,iOS,FR
pu_0001028,p_035556,2024-01-16,VIP Pass,29.99,iOS,FR
pu_0001029,p_035556,2024-01-21,Gem Bundle M,4.99,iOS,FR
pu_0001030,p_035556,2024-02-01,Gem Bundle L,14.99,iOS,FR
pu_0001031,p_035556,2024-02-08,Gem Bundle S,0.99,iOS,FR
pu_0001032,p_035556,2024-01-30,Starter Pack,4.99,iOS,FR
pu_0001033,p_035556,2024-01-22,Starter Pack,4.99,iOS,FR
pu_0001034,p_035556,2024-02-08,Energy Refill,1.99,iOS,FR
pu_0001035,p_035556,2024-02-02,Gem Bundle S,0.99,iOS,FR
pu_0001036,p_035556,2024-01-24,Starter Pack,4.99,iOS,FR
pu_0001037,p_035574,2024-01-14,Starter Pack,4.99,Android,BR
pu_0001038,p_035574,2024-01-28,Gem Bundle L,14.99,Android,BR
pu_0001039,p_035574,2024-01-15,Energy Refill,1.99,Android,BR
pu_0001040,p_035617,2024-01-11,Battle Pass,9.99,iOS,GB
pu_0001041,p_035734,2024-02-25,VIP Pass,29.99,Android,BR
pu_0001042,p_035734,2024-02-11,VIP Pass,29.99,Android,BR
pu_0001043,p_035734,2024-02-05,Gem Bundle M,4.99,Android,BR
pu_0001044,p_035734,2024-02-23,Cosmetic Skin,2.99,Android,BR
pu_0001045,p_035734,2024-03-01,Gem Bundle M,4.99,Android,BR
pu_0001046,p_035734,2024-02-21,Gem Bundle M,4.99,Android,BR
pu_0001047,p_035778,2024-02-12,Cosmetic Skin,2.99,Android,KR
pu_0001048,p_035813,2024-02-11,Gem Bundle M,4.99,iOS,US
pu_0001049,p_036300,2024-01-07,Energy Refill,1.99,Android,JP
pu_0001050,p_036520,2024-02-24,Gem Bundle S,0.99,iOS,BR
pu_0001051,p_036658,2024-01-22,Starter Pack,4.99,Android,BR
pu_0001052,p_036658,2024-01-20,Gem Bundle S,0.99,Android,BR
pu_0001053,p_036677,2024-02-09,Gem Bundle S,0.99,iOS,CA
pu_0001054,p_036677,2024-02-11,Cosmetic Skin,2.99,iOS,CA
pu_0001055,p_036677,2024-02-22,Gem Bundle M,4.99,iOS,CA
pu_0001056,p_036677,2024-02-25,Gem Bundle L,14.99,iOS,CA
pu_0001057,p_036677,2024-02-25,Energy Refill,1.99,iOS,CA
pu_0001058,p_036677,2024-02-03,Gem Bundle L,14.99,iOS,CA
pu_0001059,p_036677,2024-02-26,Gem Bundle S,0.99,iOS,CA
pu_0001060,p_036790,2024-01-12,Energy Refill,1.99,Android,GB
pu_0001061,p_036900,2024-03-11,Gem Bundle M,4.99,iOS,US
pu_0001062,p_036900,2024-03-04,Cosmetic Skin,2.99,iOS,US
pu_0001063,p_036900,2024-03-10,Gem Bundle L,14.99,iOS,US
pu_0001064,p_036912,2024-01-25,Battle Pass,9.99,iOS,BR
pu_0001065,p_036912,2024-02-04,VIP Pass,29.99,iOS,BR
pu_0001066,p_036965,2024-02-25,Cosmetic Skin,2.99,iOS,JP
pu_0001067,p_036965,2024-03-06,Gem Bundle L,14.99,iOS,JP
pu_0001068,p_037245,2024-01-18,VIP Pass,29.99,Android,JP
pu_0001069,p_037245,2024-01-09,Battle Pass,9.99,Android,JP
pu_0001070,p_037245,2024-01-24,Energy Refill,1.99,Android,JP
pu_0001071,p_037347,2024-03-23,Gem Bundle M,4.99,Android,US
pu_0001072,p_037599,2024-01-30,Energy Refill,1.99,iOS,GB
pu_0001073,p_037676,2024-03-16,Battle Pass,9.99,iOS,DE
pu_0001074,p_037676,2024-03-15,Battle Pass,9.99,iOS,DE
pu_0001075,p_037676,2024-03-15,Energy Refill,1.99,iOS,DE
pu_0001076,p_037706,2024-01-31,Gem Bundle S,0.99,iOS,DE
pu_0001077,p_037706,2024-02-07,Energy Refill,1.99,iOS,DE
pu_0001078,p_037706,2024-02-10,Gem Bundle M,4.99,iOS,DE
pu_0001079,p_037706,2024-02-01,Energy Refill,1.99,iOS,DE
pu_0001080,p_037706,2024-02-13,Cosmetic Skin,2.99,iOS,DE
pu_0001081,p_037777,2024-01-17,Gem Bundle L,14.99,Android,CA
pu_0001082,p_037794,2024-02-20,Battle Pass,9.99,iOS,CA
pu_0001083,p_037794,2024-02-16,Gem Bundle S,0.99,iOS,CA
pu_0001084,p_037794,2024-02-26,Cosmetic Skin,2.99,iOS,CA
pu_0001085,p_037794,2024-03-01,VIP Pass,29.99,iOS,CA
pu_0001086,p_037794,2024-02-14,Gem Bundle S,0.99,iOS,CA
pu_0001087,p_037794,2024-02-25,Gem Bundle L,14.99,iOS,CA
pu_0001088,p_037794,2024-02-28,Starter Pack,4.99,iOS,CA
pu_0001089,p_037794,2024-03-09,Energy Refill,1.99,iOS,CA
pu_0001090,p_037801,2024-01-27,Battle Pass,9.99,iOS,CA
pu_0001091,p_037801,2024-01-12,Starter Pack,4.99,iOS,CA
pu_0001092,p_037801,2024-01-25,Cosmetic Skin,2.99,iOS,CA
pu_0001093,p_037801,2024-02-02,VIP Pass,29.99,iOS,CA
pu_0001094,p_037801,2024-02-02,VIP Pass,29.99,iOS,CA
pu_0001095,p_037801,2024-01-20,Starter Pack,4.99,iOS,CA
pu_0001096,p_037801,2024-02-05,Cosmetic Skin,2.99,iOS,CA
pu_0001097,p_037801,2024-01-24,Starter Pack,4.99,iOS,CA
pu_0001098,p_037801,2024-02-05,Cosmetic Skin,2.99,iOS,CA
pu_0001099,p_037855,2024-02-26,Cosmetic Skin,2.99,iOS,JP
pu_0001100,p_037855,2024-02-07,Battle Pass,9.99,iOS,JP
pu_0001101,p_037855,2024-02-13,Gem Bundle S,0.99,iOS,JP
pu_0001102,p_037855,2024-02-09,Cosmetic Skin,2.99,iOS,JP
pu_0001103,p_037855,2024-02-12,VIP Pass,29.99,iOS,JP
pu_0001104,p_037855,2024-02-22,Gem Bundle S,0.99,iOS,JP
pu_0001105,p_037855,2024-02-27,Gem Bundle M,4.99,iOS,JP
pu_0001106,p_037855,2024-02-11,Battle Pass,9.99,iOS,JP
pu_0001107,p_037855,2024-02-25,Gem Bundle L,14.99,iOS,JP
pu_0001108,p_037855,2024-02-16,Battle Pass,9.99,iOS,JP
pu_0001109,p_037902,2024-01-16,Battle Pass,9.99,Android,US
pu_0001110,p_037902,2024-01-14,Gem Bundle S,0.99,Android,US
pu_0001111,p_038051,2024-01-30,Energy Refill,1.99,Android,BR
pu_0001112,p_038122,2024-01-15,Battle Pass,9.99,Android,US
pu_0001113,p_038183,2024-02-06,Gem Bundle S,0.99,iOS,JP
pu_0001114,p_038183,2024-02-05,Energy Refill,1.99,iOS,JP
pu_0001115,p_038183,2024-01-22,Gem Bundle M,4.99,iOS,JP
pu_0001116,p_038183,2024-01-17,Gem Bundle L,14.99,iOS,JP
pu_0001117,p_038256,2024-02-28,Gem Bundle S,0.99,Android,JP
pu_0001118,p_038256,2024-02-19,Gem Bundle M,4.99,Android,JP
pu_0001119,p_038256,2024-02-21,Cosmetic Skin,2.99,Android,JP
pu_0001120,p_038446,2024-01-15,Cosmetic Skin,2.99,Android,US
pu_0001121,p_038446,2024-01-17,Cosmetic Skin,2.99,Android,US
pu_0001122,p_038446,2024-01-16,Gem Bundle S,0.99,Android,US
pu_0001123,p_038513,2024-02-14,Battle Pass,9.99,iOS,CA
pu_0001124,p_038513,2024-02-16,Gem Bundle S,0.99,iOS,CA
pu_0001125,p_038513,2024-02-29,Gem Bundle S,0.99,iOS,CA
pu_0001126,p_038520,2024-03-06,Gem Bundle S,0.99,iOS,KR
pu_0001127,p_038562,2024-03-30,Battle Pass,9.99,Android,JP
pu_0001128,p_038562,2024-03-30,Gem Bundle M,4.99,Android,JP
pu_0001129,p_038562,2024-03-30,VIP Pass,29.99,Android,JP
pu_0001130,p_038562,2024-03-30,Gem Bundle S,0.99,Android,JP
pu_0001131,p_038562,2024-03-30,VIP Pass,29.99,Android,JP
pu_0001132,p_038562,2024-03-30,Cosmetic Skin,2.99,Android,JP
pu_0001133,p_038562,2024-03-30,Battle Pass,9.99,Android,JP
pu_0001134,p_038562,2024-03-30,Gem Bundle M,4.99,Android,JP
pu_0001135,p_038562,2024-03-30,Gem Bundle S,0.99,Android,JP
pu_0001136,p_038562,2024-03-30,Gem Bundle L,14.99,Android,JP
pu_0001137,p_038562,2024-03-30,VIP Pass,29.99,Android,JP
pu_0001138,p_038562,2024-03-30,Energy Refill,1.99,Android,JP
pu_0001139,p_038562,2024-03-30,Gem Bundle L,14.99,Android,JP
pu_0001140,p_038562,2024-03-30,Energy Refill,1.99,Android,JP
pu_0001141,p_038737,2024-01-29,VIP Pass,29.99,Android,KR
pu_0001142,p_038766,2024-01-20,Gem Bundle S,0.99,Android,BR
pu_0001143,p_038872,2024-02-04,Starter Pack,4.99,Android,US
pu_0001144,p_038872,2024-03-02,Gem Bundle M,4.99,Android,US
pu_0001145,p_038872,2024-02-17,VIP Pass,29.99,Android,US
pu_0001146,p_038872,2024-02-25,Battle Pass,9.99,Android,US
pu_0001147,p_038872,2024-02-02,Gem Bundle S,0.99,Android,US
pu_0001148,p_039093,2024-02-10,Battle Pass,9.99,iOS,KR
pu_0001149,p_039093,2024-01-27,Energy Refill,1.99,iOS,KR
pu_0001150,p_039160,2024-02-01,Cosmetic Skin,2.99,Android,US
pu_0001151,p_039474,2024-01-16,Cosmetic Skin,2.99,Android,JP
pu_0001152,p_039474,2024-01-05,Gem Bundle L,14.99,Android,JP
pu_0001153,p_039474,2024-01-14,Gem Bundle L,14.99,Android,JP
pu_0001154,p_039474,2024-01-22,Gem Bundle S,0.99,Android,JP
pu_0001155,p_039474,2024-01-10,Gem Bundle S,0.99,Android,JP
pu_0001156,p_039474,2024-01-10,Gem Bundle M,4.99,Android,JP
pu_0001157,p_039479,2024-03-28,Energy Refill,1.99,Android,KR
pu_0001158,p_039479,2024-03-06,Battle Pass,9.99,Android,KR
pu_0001159,p_039502,2024-02-14,Starter Pack,4.99,iOS,JP
pu_0001160,p_039602,2024-02-20,VIP Pass,29.99,Android,BR
pu_0001161,p_039620,2024-01-31,Gem Bundle M,4.99,Android,JP
pu_0001162,p_039620,2024-02-11,Starter Pack,4.99,Android,JP
pu_0001163,p_039620,2024-01-30,Energy Refill,1.99,Android,JP
pu_0001164,p_039620,2024-02-03,VIP Pass,29.99,Android,JP
pu_0001165,p_039620,2024-02-15,Battle Pass,9.99,Android,JP
pu_0001166,p_039620,2024-02-06,VIP Pass,29.99,Android,JP
pu_0001167,p_039620,2024-02-11,Gem Bundle L,14.99,Android,JP
pu_0001168,p_039620,2024-02-16,Gem Bundle S,0.99,Android,JP
pu_0001169,p_039620,2024-02-05,Gem Bundle S,0.99,Android,JP
pu_0001170,p_039620,2024-02-19,Gem Bundle S,0.99,Android,JP
pu_0001171,p_039829,2024-01-18,Gem Bundle M,4.99,iOS,JP
pu_0001172,p_039829,2024-02-05,Gem Bundle S,0.99,iOS,JP
pu_0001173,p_039829,2024-01-29,Gem Bundle S,0.99,iOS,JP
pu_0001174,p_039985,2024-02-19,Gem Bundle S,0.99,iOS,KR
pu_0001175,p_040095,2024-02-17,VIP Pass,29.99,Android,CA
pu_0001176,p_040095,2024-02-24,Energy Refill,1.99,Android,CA
pu_0001177,p_040330,2024-01-20,Gem Bundle S,0.99,iOS,US
pu_0001178,p_040717,2024-01-10,Energy Refill,1.99,iOS,US
pu_0001179,p_040772,2024-02-28,Battle Pass,9.99,iOS,DE
pu_0001180,p_040850,2024-01-09,Gem Bundle S,0.99,Android,CA
pu_0001181,p_040939,2024-02-24,VIP Pass,29.99,iOS,CN
pu_0001182,p_040939,2024-01-31,Gem Bundle M,4.99,iOS,CN
pu_0001183,p_040993,2024-01-27,Energy Refill,1.99,Android,GB
pu_0001184,p_041059,2024-02-23,VIP Pass,29.99,Android,CN
pu_0001185,p_041059,2024-03-13,Cosmetic Skin,2.99,Android,CN
pu_0001186,p_041059,2024-03-13,Starter Pack,4.99,Android,CN
pu_0001187,p_041059,2024-03-16,Starter Pack,4.99,Android,CN
pu_0001188,p_041287,2024-02-05,Gem Bundle M,4.99,iOS,DE
pu_0001189,p_041287,2024-01-17,Gem Bundle S,0.99,iOS,DE
pu_0001190,p_041488,2024-02-01,Starter Pack,4.99,Android,RU
pu_0001191,p_041642,2024-02-20,Gem Bundle S,0.99,Android,DE
pu_0001192,p_041671,2024-02-05,Gem Bundle L,14.99,iOS,GB
pu_0001193,p_041671,2024-02-03,Gem Bundle L,14.99,iOS,GB
pu_0001194,p_041671,2024-02-04,Battle Pass,9.99,iOS,GB
pu_0001195,p_041673,2024-01-25,Battle Pass,9.99,Android,DE
pu_0001196,p_041673,2024-02-10,Gem Bundle L,14.99,Android,DE
pu_0001197,p_041673,2024-02-19,Energy Refill,1.99,Android,DE
pu_0001198,p_041673,2024-01-23,VIP Pass,29.99,Android,DE
pu_0001199,p_041734,2024-01-19,Battle Pass,9.99,iOS,US
pu_0001200,p_041763,2024-01-18,Cosmetic Skin,2.99,iOS,BR
pu_0001201,p_041995,2024-02-12,VIP Pass,29.99,Android,CA
pu_0001202,p_042004,2024-03-27,Energy Refill,1.99,iOS,US
pu_0001203,p_042114,2024-01-30,Energy Refill,1.99,iOS,KR
pu_0001204,p_042184,2024-01-20,Energy Refill,1.99,Android,KR
pu_0001205,p_042214,2024-01-27,Starter Pack,4.99,iOS,JP
pu_0001206,p_042293,2024-02-24,Gem Bundle S,0.99,Android,FR
pu_0001207,p_042458,2024-02-12,Starter Pack,4.99,iOS,US
pu_0001208,p_042458,2024-02-12,Gem Bundle L,14.99,iOS,US
pu_0001209,p_042458,2024-02-06,Energy Refill,1.99,iOS,US
pu_0001210,p_042458,2024-02-03,Gem Bundle S,0.99,iOS,US
pu_0001211,p_042458,2024-02-08,Battle Pass,9.99,iOS,US
pu_0001212,p_042557,2024-02-04,Energy Refill,1.99,Android,GB
pu_0001213,p_042557,2024-02-06,Gem Bundle M,4.99,Android,GB
pu_0001214,p_042557,2024-01-18,Energy Refill,1.99,Android,GB
pu_0001215,p_042557,2024-02-09,VIP Pass,29.99,Android,GB
pu_0001216,p_042573,2024-02-06,Cosmetic Skin,2.99,Android,US
pu_0001217,p_042715,2024-02-22,Gem Bundle L,14.99,Android,KR
pu_0001218,p_042715,2024-02-17,Gem Bundle M,4.99,Android,KR
pu_0001219,p_042715,2024-02-16,Gem Bundle L,14.99,Android,KR
pu_0001220,p_042715,2024-02-08,Starter Pack,4.99,Android,KR
pu_0001221,p_042715,2024-02-02,Gem Bundle S,0.99,Android,KR
pu_0001222,p_042715,2024-02-19,Gem Bundle S,0.99,Android,KR
pu_0001223,p_042715,2024-02-07,Gem Bundle S,0.99,Android,KR
pu_0001224,p_042715,2024-02-21,Gem Bundle M,4.99,Android,KR
pu_0001225,p_042715,2024-02-06,Gem Bundle M,4.99,Android,KR
pu_0001226,p_042715,2024-02-17,Gem Bundle M,4.99,Android,KR
pu_0001227,p_043017,2024-02-10,Gem Bundle S,0.99,iOS,CA
pu_0001228,p_043017,2024-02-09,Gem Bundle S,0.99,iOS,CA
pu_0001229,p_043017,2024-01-20,Battle Pass,9.99,iOS,CA
pu_0001230,p_043017,2024-01-16,Gem Bundle S,0.99,iOS,CA
pu_0001231,p_043017,2024-01-25,Battle Pass,9.99,iOS,CA
pu_0001232,p_043017,2024-01-11,Gem Bundle M,4.99,iOS,CA
pu_0001233,p_043079,2024-01-11,Energy Refill,1.99,iOS,US
pu_0001234,p_043079,2024-01-16,Starter Pack,4.99,iOS,US
pu_0001235,p_043079,2024-02-05,Gem Bundle M,4.99,iOS,US
pu_0001236,p_043121,2024-01-06,Cosmetic Skin,2.99,iOS,BR
pu_0001237,p_043125,2024-01-28,VIP Pass,29.99,Android,JP
pu_0001238,p_043240,2024-01-14,Battle Pass,9.99,iOS,US
pu_0001239,p_043438,2024-02-06,Energy Refill,1.99,iOS,JP
pu_0001240,p_043438,2024-01-24,Gem Bundle L,14.99,iOS,JP
pu_0001241,p_043438,2024-01-19,Gem Bundle M,4.99,iOS,JP
pu_0001242,p_043438,2024-01-21,Battle Pass,9.99,iOS,JP
pu_0001243,p_043438,2024-01-24,Gem Bundle M,4.99,iOS,JP
pu_0001244,p_043466,2024-03-12,VIP Pass,29.99,iOS,RU
pu_0001245,p_043466,2024-03-06,Cosmetic Skin,2.99,iOS,RU
pu_0001246,p_043466,2024-03-18,Gem Bundle L,14.99,iOS,RU
pu_0001247,p_043466,2024-03-03,Gem Bundle L,14.99,iOS,RU
pu_0001248,p_043543,2024-01-08,Battle Pass,9.99,iOS,BR
pu_0001249,p_043543,2024-01-13,Gem Bundle M,4.99,iOS,BR
pu_0001250,p_043543,2024-01-08,Gem Bundle L,14.99,iOS,BR
pu_0001251,p_043554,2024-01-29,Starter Pack,4.99,iOS,US
pu_0001252,p_043642,2024-01-03,Battle Pass,9.99,iOS,JP
pu_0001253,p_043642,2024-01-18,VIP Pass,29.99,iOS,JP
pu_0001254,p_043642,2024-01-01,Gem Bundle S,0.99,iOS,JP
pu_0001255,p_043642,2024-01-24,Cosmetic Skin,2.99,iOS,JP
pu_0001256,p_043642,2024-01-10,Gem Bundle M,4.99,iOS,JP
pu_0001257,p_044049,2024-01-13,Starter Pack,4.99,Android,US
pu_0001258,p_044049,2024-02-04,Gem Bundle L,14.99,Android,US
pu_0001259,p_044049,2024-01-20,Battle Pass,9.99,Android,US
pu_0001260,p_044143,2024-02-01,Gem Bundle M,4.99,iOS,CA
pu_0001261,p_044249,2024-02-06,Energy Refill,1.99,Android,CA
pu_0001262,p_044297,2024-01-23,Battle Pass,9.99,Android,CN
pu_0001263,p_044297,2024-01-28,VIP Pass,29.99,Android,CN
pu_0001264,p_044408,2024-01-25,VIP Pass,29.99,iOS,CA
pu_0001265,p_044607,2024-01-24,Battle Pass,9.99,iOS,JP
pu_0001266,p_044843,2024-01-08,Starter Pack,4.99,Android,DE
pu_0001267,p_045025,2024-02-28,Battle Pass,9.99,iOS,CN
pu_0001268,p_045025,2024-02-07,Gem Bundle S,0.99,iOS,CN
pu_0001269,p_045055,2024-01-10,VIP Pass,29.99,iOS,BR
pu_0001270,p_045055,2024-01-28,Gem Bundle L,14.99,iOS,BR
pu_0001271,p_045055,2024-01-24,Gem Bundle M,4.99,iOS,BR
pu_0001272,p_045055,2024-01-07,Starter Pack,4.99,iOS,BR
pu_0001273,p_045055,2024-01-10,VIP Pass,29.99,iOS,BR
pu_0001274,p_045055,2024-01-12,Gem Bundle S,0.99,iOS,BR
pu_0001275,p_045319,2024-02-13,VIP Pass,29.99,Android,CN
pu_0001276,p_045373,2024-01-03,VIP Pass,29.99,Android,CA
pu_0001277,p_045386,2024-02-09,Gem Bundle L,14.99,iOS,US
pu_0001278,p_045386,2024-02-25,Gem Bundle L,14.99,iOS,US
pu_0001279,p_045386,2024-02-18,Gem Bundle S,0.99,iOS,US
pu_0001280,p_045386,2024-02-13,VIP Pass,29.99,iOS,US
pu_0001281,p_045386,2024-02-13,Battle Pass,9.99,iOS,US
pu_0001282,p_045386,2024-02-28,Cosmetic Skin,2.99,iOS,US
pu_0001283,p_045386,2024-02-23,Gem Bundle S,0.99,iOS,US
pu_0001284,p_045386,2024-02-29,Starter Pack,4.99,iOS,US
pu_0001285,p_045386,2024-03-01,Battle Pass,9.99,iOS,US
pu_0001286,p_045386,2024-02-22,Battle Pass,9.99,iOS,US
pu_0001287,p_045386,2024-03-03,VIP Pass,29.99,iOS,US
pu_0001288,p_045386,2024-02-09,Battle Pass,9.99,iOS,US
pu_0001289,p_045386,2024-02-27,Energy Refill,1.99,iOS,US
pu_0001290,p_045386,2024-03-04,Cosmetic Skin,2.99,iOS,US
pu_0001291,p_045386,2024-02-07,Gem Bundle M,4.99,iOS,US
pu_0001292,p_045386,2024-02-16,Gem Bundle L,14.99,iOS,US
pu_0001293,p_045386,2024-02-27,Gem Bundle S,0.99,iOS,US
pu_0001294,p_045386,2024-02-10,Gem Bundle M,4.99,iOS,US
pu_0001295,p_046094,2024-01-29,Gem Bundle M,4.99,iOS,CA
pu_0001296,p_046094,2024-02-02,Starter Pack,4.99,iOS,CA
pu_0001297,p_046209,2024-01-20,Battle Pass,9.99,Android,US
pu_0001298,p_046209,2024-01-03,Battle Pass,9.99,Android,US
pu_0001299,p_046209,2024-01-31,Cosmetic Skin,2.99,Android,US
pu_0001300,p_046212,2024-01-07,Energy Refill,1.99,Android,DE
pu_0001301,p_046212,2024-01-23,Energy Refill,1.99,Android,DE
pu_0001302,p_046212,2024-01-15,Energy Refill,1.99,Android,DE
pu_0001303,p_046212,2024-01-14,Gem Bundle M,4.99,Android,DE
pu_0001304,p_046260,2024-02-06,Battle Pass,9.99,Android,CN
pu_0001305,p_046282,2024-02-21,Gem Bundle M,4.99,Android,JP
pu_0001306,p_046551,2024-02-26,Gem Bundle L,14.99,iOS,RU
pu_0001307,p_046551,2024-03-07,Cosmetic Skin,2.99,iOS,RU
pu_0001308,p_046551,2024-03-03,Energy Refill,1.99,iOS,RU
pu_0001309,p_046551,2024-02-29,Energy Refill,1.99,iOS,RU
pu_0001310,p_046609,2024-02-07,Battle Pass,9.99,Android,US
pu_0001311,p_046609,2024-02-10,Gem Bundle S,0.99,Android,US
pu_0001312,p_046634,2024-03-01,Gem Bundle S,0.99,iOS,CA
pu_0001313,p_046634,2024-03-03,Gem Bundle S,0.99,iOS,CA
pu_0001314,p_046683,2024-02-01,Cosmetic Skin,2.99,Android,US
pu_0001315,p_046866,2024-02-14,Energy Refill,1.99,Android,JP
pu_0001316,p_046866,2024-02-14,VIP Pass,29.99,Android,JP
pu_0001317,p_046866,2024-02-23,Energy Refill,1.99,Android,JP
pu_0001318,p_046917,2024-02-08,Energy Refill,1.99,iOS,DE
pu_0001319,p_046917,2024-02-07,Gem Bundle S,0.99,iOS,DE
pu_0001320,p_046995,2024-02-21,Energy Refill,1.99,iOS,GB
pu_0001321,p_047007,2024-01-29,VIP Pass,29.99,iOS,CA
pu_0001322,p_047007,2024-01-18,Gem Bundle M,4.99,iOS,CA
pu_0001323,p_047007,2024-02-04,Gem Bundle M,4.99,iOS,CA
pu_0001324,p_047007,2024-01-25,Gem Bundle L,14.99,iOS,CA
pu_0001325,p_047037,2024-02-04,Gem Bundle L,14.99,iOS,GB
pu_0001326,p_047409,2024-02-06,Gem Bundle M,4.99,Android,JP
pu_0001327,p_047409,2024-01-14,Battle Pass,9.99,Android,JP
pu_0001328,p_047547,2024-03-27,Energy Refill,1.99,Android,DE
pu_0001329,p_047661,2024-01-26,Cosmetic Skin,2.99,iOS,KR
pu_0001330,p_047661,2024-02-01,Energy Refill,1.99,iOS,KR
pu_0001331,p_047661,2024-01-11,VIP Pass,29.99,iOS,KR
pu_0001332,p_047661,2024-01-19,VIP Pass,29.99,iOS,KR
pu_0001333,p_047661,2024-01-25,Gem Bundle S,0.99,iOS,KR
pu_0001334,p_047661,2024-02-05,Gem Bundle M,4.99,iOS,KR
pu_0001335,p_047661,2024-01-25,Gem Bundle M,4.99,iOS,KR
pu_0001336,p_047661,2024-01-15,Cosmetic Skin,2.99,iOS,KR
pu_0001337,p_047661,2024-01-24,Gem Bundle M,4.99,iOS,KR
pu_0001338,p_047661,2024-01-25,Starter Pack,4.99,iOS,KR
pu_0001339,p_047661,2024-01-21,Gem Bundle L,14.99,iOS,KR
pu_0001340,p_047674,2024-01-19,VIP Pass,29.99,iOS,BR
pu_0001341,p_047700,2024-02-19,Cosmetic Skin,2.99,iOS,GB
pu_0001342,p_047838,2024-01-22,Cosmetic Skin,2.99,iOS,CA
pu_0001343,p_047852,2024-01-05,Cosmetic Skin,2.99,Android,DE
pu_0001344,p_047852,2024-01-10,Gem Bundle M,4.99,Android,DE
pu_0001345,p_047852,2024-01-06,Gem Bundle L,14.99,Android,DE
pu_0001346,p_047852,2024-01-12,Energy Refill,1.99,Android,DE
pu_0001347,p_047852,2024-02-03,Energy Refill,1.99,Android,DE
pu_0001348,p_047852,2024-01-14,Starter Pack,4.99,Android,DE
pu_0001349,p_047852,2024-01-31,Gem Bundle S,0.99,Android,DE
pu_0001350,p_047852,2024-02-01,Battle Pass,9.99,Android,DE
pu_0001351,p_047852,2024-01-23,Battle Pass,9.99,Android,DE
pu_0001352,p_047852,2024-02-01,Gem Bundle M,4.99,Android,DE
pu_0001353,p_047852,2024-01-06,Starter Pack,4.99,Android,DE
pu_0001354,p_047852,2024-01-12,Battle Pass,9.99,Android,DE
pu_0001355,p_047852,2024-01-20,Cosmetic Skin,2.99,Android,DE
pu_0001356,p_047852,2024-01-23,Gem Bundle L,14.99,Android,DE
pu_0001357,p_047852,2024-01-25,Gem Bundle M,4.99,Android,DE
pu_0001358,p_047852,2024-01-12,Cosmetic Skin,2.99,Android,DE
pu_0001359,p_047852,2024-01-25,Energy Refill,1.99,Android,DE
pu_0001360,p_047877,2024-02-18,Gem Bundle L,14.99,Android,KR
pu_0001361,p_047877,2024-02-05,Gem Bundle M,4.99,Android,KR
pu_0001362,p_047889,2024-02-10,Energy Refill,1.99,iOS,JP
pu_0001363,p_048090,2024-02-03,Cosmetic Skin,2.99,Android,CN
pu_0001364,p_048090,2024-01-24,Cosmetic Skin,2.99,Android,CN
pu_0001365,p_048090,2024-02-05,Battle Pass,9.99,Android,CN
pu_0001366,p_048090,2024-02-13,Battle Pass,9.99,Android,CN
pu_0001367,p_048090,2024-01-19,Battle Pass,9.99,Android,CN
pu_0001368,p_048090,2024-01-27,Gem Bundle L,14.99,Android,CN
pu_0001369,p_048090,2024-02-04,Gem Bundle M,4.99,Android,CN
pu_0001370,p_048090,2024-01-30,Energy Refill,1.99,Android,CN
pu_0001371,p_048090,2024-02-06,Battle Pass,9.99,Android,CN
pu_0001372,p_048090,2024-01-26,Gem Bundle S,0.99,Android,CN
pu_0001373,p_048090,2024-01-31,Energy Refill,1.99,Android,CN
pu_0001374,p_048154,2024-01-30,Battle Pass,9.99,iOS,FR
pu_0001375,p_048154,2024-01-05,Gem Bundle S,0.99,iOS,FR
pu_0001376,p_048276,2024-02-11,Gem Bundle S,0.99,iOS,CN
pu_0001377,p_048276,2024-01-30,Cosmetic Skin,2.99,iOS,CN
pu_0001378,p_048276,2024-02-13,Energy Refill,1.99,iOS,CN
pu_0001379,p_048276,2024-01-28,Gem Bundle S,0.99,iOS,CN
pu_0001380,p_048276,2024-01-27,Gem Bundle L,14.99,iOS,CN
pu_0001381,p_048276,2024-02-07,Battle Pass,9.99,iOS,CN
pu_0001382,p_048276,2024-02-10,Gem Bundle S,0.99,iOS,CN
pu_0001383,p_048343,2024-01-14,Battle Pass,9.99,Android,FR
pu_0001384,p_048414,2024-02-13,VIP Pass,29.99,Android,CN
pu_0001385,p_048414,2024-02-14,Gem Bundle M,4.99,Android,CN
pu_0001386,p_048414,2024-02-12,Gem Bundle L,14.99,Android,CN
pu_0001387,p_048442,2024-03-25,Cosmetic Skin,2.99,iOS,BR
pu_0001388,p_048476,2024-01-24,VIP Pass,29.99,iOS,FR
pu_0001389,p_048476,2024-01-12,Battle Pass,9.99,iOS,FR
pu_0001390,p_048476,2024-02-03,Gem Bundle L,14.99,iOS,FR
pu_0001391,p_048476,2024-01-13,VIP Pass,29.99,iOS,FR
pu_0001392,p_048476,2024-01-13,Battle Pass,9.99,iOS,FR
pu_0001393,p_048476,2024-01-29,VIP Pass,29.99,iOS,FR
pu_0001394,p_048476,2024-01-26,Starter Pack,4.99,iOS,FR
pu_0001395,p_048801,2024-02-04,Gem Bundle L,14.99,Android,DE
pu_0001396,p_048801,2024-01-26,Battle Pass,9.99,Android,DE
pu_0001397,p_048801,2024-01-14,Energy Refill,1.99,Android,DE
pu_0001398,p_048887,2024-01-12,Gem Bundle L,14.99,Android,DE
pu_0001399,p_048912,2024-02-19,VIP Pass,29.99,iOS,KR
pu_0001400,p_049027,2024-03-13,Starter Pack,4.99,iOS,US
pu_0001401,p_049132,2024-01-08,Battle Pass,9.99,iOS,JP
pu_0001402,p_049395,2024-01-23,Energy Refill,1.99,iOS,CA
pu_0001403,p_049395,2024-02-12,Starter Pack,4.99,iOS,CA
pu_0001404,p_049418,2024-03-08,Gem Bundle M,4.99,iOS,GB
pu_0001405,p_049434,2024-02-02,Gem Bundle M,4.99,Android,US
pu_0001406,p_049597,2024-01-27,Gem Bundle S,0.99,iOS,GB
pu_0001407,p_049597,2024-01-27,VIP Pass,29.99,iOS,GB
pu_0001408,p_049710,2024-01-26,Energy Refill,1.99,iOS,FR
pu_0001409,p_049710,2024-01-20,Cosmetic Skin,2.99,iOS,FR
pu_0001410,p_049710,2024-01-30,Battle Pass,9.99,iOS,FR
pu_0001411,p_049715,2024-01-31,Battle Pass,9.99,Android,FR
pu_0001412,p_049715,2024-01-30,VIP Pass,29.99,Android,FR
pu_0001413,p_049715,2024-02-04,Gem Bundle L,14.99,Android,FR
pu_0001414,p_049715,2024-01-09,VIP Pass,29.99,Android,FR
pu_0001415,p_049715,2024-01-16,Energy Refill,1.99,Android,FR
pu_0001416,p_049715,2024-01-21,Cosmetic Skin,2.99,Android,FR
pu_0001417,p_049715,2024-01-10,Energy Refill,1.99,Android,FR
pu_0001418,p_049715,2024-01-29,Energy Refill,1.99,Android,FR
pu_0001419,p_049935,2024-03-17,Battle Pass,9.99,Android,US
pu_0001420,p_049964,2024-01-27,Starter Pack,4.99,Android,KR
pu_0001421,p_049964,2024-02-13,Gem Bundle S,0.99,Android,KR
